ID Stazione,Località,Tipo Merce,Data,Quantità,Unità,Importo Netto SENZA Sconto (IVA escl.),Importo Netto dello Sconto (IVA escl.)
1400103,San Mauro Pascoli,0006 GPL (LPG),22.03.2025,39.43,L,23.24,0.39
1400103,San Mauro Pascoli,0006 GPL (LPG),28.03.2025,29.52,L,17.39,0.3
1400103,San Mauro Pascoli,0009 GASOLIO,16.03.2025,31.77,L,42.68,0.32
1400103,San Mauro Pascoli,0009 GASOLIO,17.03.2025,67.37,L,90.51,0.67
1400103,San Mauro Pascoli,0009 GASOLIO,17.03.2025,41.92,L,56.32,0.42
1400103,San Mauro Pascoli,0009 GASOLIO,17.03.2025,18.92,L,25.42,0.19
1400103,San Mauro Pascoli,0009 GASOLIO,17.03.2025,54.61,L,73.37,0.55
1400103,San Mauro Pascoli,0009 GASOLIO,17.03.2025,30.01,L,40.32,0.3
1400103,San Mauro Pascoli,0009 GASOLIO,18.03.2025,45.87,L,61.62,0.46
1400103,San Mauro Pascoli,0009 GASOLIO,18.03.2025,122.03,L,163.94,1.22
1400103,San Mauro Pascoli,0009 GASOLIO,18.03.2025,50.64,L,68.03,0.51
1400103,San Mauro Pascoli,0009 GASOLIO,18.03.2025,43.33,L,58.21,0.43
1400103,San Mauro Pascoli,0009 GASOLIO,18.03.2025,47.33,L,63.58,0.47
1400103,San Mauro Pascoli,0009 GASOLIO,18.03.2025,44.54,L,59.84,0.45
1400103,San Mauro Pascoli,0009 GASOLIO,19.03.2025,89.41,L,120.11,0.89
1400103,San Mauro Pascoli,0009 GASOLIO,19.03.2025,50.1,L,67.3,0.5
1400103,San Mauro Pascoli,0009 GASOLIO,19.03.2025,41.32,L,55.51,0.41
1400103,San Mauro Pascoli,0009 GASOLIO,19.03.2025,42.71,L,57.38,0.43
1400103,San Mauro Pascoli,0009 GASOLIO,19.03.2025,18.3,L,24.58,0.18
1400103,San Mauro Pascoli,0009 GASOLIO,19.03.2025,106.92,L,143.64,1.07
1400103,San Mauro Pascoli,0009 GASOLIO,19.03.2025,33.57,L,45.1,0.34
1400103,San Mauro Pascoli,0009 GASOLIO,19.03.2025,25.6,L,34.39,0.26
1400103,San Mauro Pascoli,0009 GASOLIO,19.03.2025,18.32,L,24.61,0.18
1400103,San Mauro Pascoli,0009 GASOLIO,20.03.2025,59.18,L,79.51,0.59
1400103,San Mauro Pascoli,0009 GASOLIO,20.03.2025,38.18,L,51.3,0.38
1400103,San Mauro Pascoli,0009 GASOLIO,20.03.2025,24.53,L,32.95,0.25
1400103,San Mauro Pascoli,0009 GASOLIO,20.03.2025,275.09,L,369.57,2.75
1400103,San Mauro Pascoli,0009 GASOLIO,20.03.2025,50.03,L,67.21,0.5
1400103,San Mauro Pascoli,0009 GASOLIO,21.03.2025,83.04,L,110.88,0.83
1400103,San Mauro Pascoli,0009 GASOLIO,21.03.2025,49.13,L,65.6,0.49
1400103,San Mauro Pascoli,0009 GASOLIO,21.03.2025,15.37,L,20.52,0.15
1400103,San Mauro Pascoli,0009 GASOLIO,21.03.2025,40.53,L,54.11,0.41
1400103,San Mauro Pascoli,0009 GASOLIO,21.03.2025,30.71,L,41.01,0.31
1400103,San Mauro Pascoli,0009 GASOLIO,21.03.2025,36.87,L,49.23,0.37
1400103,San Mauro Pascoli,0009 GASOLIO,21.03.2025,73.0,L,97.48,0.73
1400103,San Mauro Pascoli,0009 GASOLIO,21.03.2025,19.07,L,25.47,0.19
1400103,San Mauro Pascoli,0009 GASOLIO,21.03.2025,50.95,L,68.03,0.51
1400103,San Mauro Pascoli,0009 GASOLIO,21.03.2025,40.97,L,54.7,0.41
1400103,San Mauro Pascoli,0009 GASOLIO,21.03.2025,36.22,L,48.36,0.36
1400103,San Mauro Pascoli,0009 GASOLIO,22.03.2025,49.05,L,65.49,0.49
1400103,San Mauro Pascoli,0009 GASOLIO,23.03.2025,42.31,L,56.49,0.42
1400103,San Mauro Pascoli,0009 GASOLIO,23.03.2025,43.76,L,58.43,0.44
1400103,San Mauro Pascoli,0009 GASOLIO,23.03.2025,18.41,L,24.58,0.18
1400103,San Mauro Pascoli,0009 GASOLIO,23.03.2025,39.15,L,52.28,0.39
1400103,San Mauro Pascoli,0009 GASOLIO,23.03.2025,49.91,L,66.64,0.5
1400103,San Mauro Pascoli,0009 GASOLIO,24.03.2025,36.89,L,49.25,0.37
1400103,San Mauro Pascoli,0009 GASOLIO,24.03.2025,48.35,L,64.56,0.48
1400103,San Mauro Pascoli,0009 GASOLIO,24.03.2025,24.56,L,32.8,0.25
1400103,San Mauro Pascoli,0009 GASOLIO,25.03.2025,41.75,L,55.75,0.42
1400103,San Mauro Pascoli,0009 GASOLIO,25.03.2025,47.43,L,63.33,0.47
1400103,San Mauro Pascoli,0009 GASOLIO,25.03.2025,40.43,L,53.98,0.4
1400103,San Mauro Pascoli,0009 GASOLIO,25.03.2025,35.04,L,46.79,0.35
1400103,San Mauro Pascoli,0009 GASOLIO,25.03.2025,56.58,L,75.55,0.57
1400103,San Mauro Pascoli,0009 GASOLIO,25.03.2025,78.45,L,104.75,0.78
1400103,San Mauro Pascoli,0009 GASOLIO,25.03.2025,58.34,L,77.9,0.58
1400103,San Mauro Pascoli,0009 GASOLIO,25.03.2025,60.16,L,80.33,0.6
1400103,San Mauro Pascoli,0009 GASOLIO,26.03.2025,58.94,L,78.7,0.59
1400103,San Mauro Pascoli,0009 GASOLIO,26.03.2025,33.07,L,44.16,0.33
1400103,San Mauro Pascoli,0009 GASOLIO,26.03.2025,41.77,L,55.77,0.42
1400103,San Mauro Pascoli,0009 GASOLIO,26.03.2025,54.64,L,72.96,0.55
1400103,San Mauro Pascoli,0009 GASOLIO,26.03.2025,76.59,L,102.27,0.77
1400103,San Mauro Pascoli,0009 GASOLIO,26.03.2025,59.17,L,90.16,0.59
1400103,San Mauro Pascoli,0009 GASOLIO,27.03.2025,42.97,L,57.38,0.43
1400103,San Mauro Pascoli,0009 GASOLIO,27.03.2025,57.0,L,76.11,0.57
1400103,San Mauro Pascoli,0009 GASOLIO,27.03.2025,41.59,L,55.53,0.42
1400103,San Mauro Pascoli,0009 GASOLIO,27.03.2025,153.47,L,204.92,1.53
1400103,San Mauro Pascoli,0009 GASOLIO,27.03.2025,63.03,L,84.16,0.63
1400103,San Mauro Pascoli,0009 GASOLIO,28.03.2025,68.11,L,90.39,0.68
1400103,San Mauro Pascoli,0009 GASOLIO,28.03.2025,320.2,L,424.92,3.2
1400103,San Mauro Pascoli,0009 GASOLIO,28.03.2025,35.87,L,47.6,0.36
1400103,San Mauro Pascoli,0009 GASOLIO,28.03.2025,74.65,L,99.07,0.75
1400103,San Mauro Pascoli,0009 GASOLIO,28.03.2025,52.46,L,69.61,0.52
1400103,San Mauro Pascoli,0009 GASOLIO,28.03.2025,49.44,L,65.61,0.49
1400103,San Mauro Pascoli,0009 GASOLIO,28.03.2025,59.3,L,78.7,0.59
1400103,San Mauro Pascoli,0009 GASOLIO,28.03.2025,42.29,L,56.12,0.42
1400103,San Mauro Pascoli,0009 GASOLIO,29.03.2025,36.58,L,48.84,0.37
1400103,San Mauro Pascoli,0009 GASOLIO,30.03.2025,19.03,L,25.41,0.19
1400103,San Mauro Pascoli,0009 GASOLIO,31.03.2025,43.16,L,57.63,0.43
1400103,San Mauro Pascoli,0016 ADBLUE (merce sciolta),16.03.2025,15.17,L,12.42,0.0
1400103,San Mauro Pascoli,0016 ADBLUE (merce sciolta),16.03.2025,13.13,L,10.75,0.0
1400103,San Mauro Pascoli,0016 ADBLUE (merce sciolta),18.03.2025,9.55,L,7.82,0.0
1400103,San Mauro Pascoli,0016 ADBLUE (merce sciolta),18.03.2025,37.46,L,30.67,0.0
1400103,San Mauro Pascoli,0016 ADBLUE (merce sciolta),18.03.2025,7.28,L,5.96,0.0
1400103,San Mauro Pascoli,0016 ADBLUE (merce sciolta),19.03.2025,12.01,L,9.84,0.0
1400103,San Mauro Pascoli,0016 ADBLUE (merce sciolta),20.03.2025,10.31,L,8.44,0.0
1400103,San Mauro Pascoli,0016 ADBLUE (merce sciolta),20.03.2025,74.89,L,61.33,0.0
1400103,San Mauro Pascoli,0016 ADBLUE (merce sciolta),23.03.2025,11.9,L,9.75,0.0
1400103,San Mauro Pascoli,0016 ADBLUE (merce sciolta),24.03.2025,11.66,L,9.55,0.0
1400103,San Mauro Pascoli,0016 ADBLUE (merce sciolta),25.03.2025,8.9,L,7.29,0.0
1400103,San Mauro Pascoli,0016 ADBLUE (merce sciolta),27.03.2025,5.73,L,4.69,0.0
1400103,San Mauro Pascoli,0016 ADBLUE (merce sciolta),28.03.2025,15.61,L,12.78,0.0
1400103,San Mauro Pascoli,0016 ADBLUE (merce sciolta),28.03.2025,12.52,L,10.25,0.0
1400103,San Mauro Pascoli,0036 EURO 95 (SUPER),16.03.2025,37.01,L,51.24,0.0
1400103,San Mauro Pascoli,0036 EURO 95 (SUPER),17.03.2025,40.63,L,56.25,0.0
1400103,San Mauro Pascoli,0036 EURO 95 (SUPER),17.03.2025,42.04,L,58.2,0.0
1400103,San Mauro Pascoli,0036 EURO 95 (SUPER),17.03.2025,46.45,L,64.3,0.0
1400103,San Mauro Pascoli,0036 EURO 95 (SUPER),18.03.2025,23.83,L,32.8,0.0
1400103,San Mauro Pascoli,0036 EURO 95 (SUPER),18.03.2025,20.09,L,27.65,0.0
1400103,San Mauro Pascoli,0036 EURO 95 (SUPER),18.03.2025,36.14,L,56.55,0.0
1400103,San Mauro Pascoli,0036 EURO 95 (SUPER),19.03.2025,26.96,L,37.11,0.0
1400103,San Mauro Pascoli,0036 EURO 95 (SUPER),21.03.2025,44.08,L,60.66,0.0
1400103,San Mauro Pascoli,0036 EURO 95 (SUPER),22.03.2025,41.94,L,57.38,0.0
1400103,San Mauro Pascoli,0036 EURO 95 (SUPER),22.03.2025,11.99,L,16.4,0.0
1400103,San Mauro Pascoli,0036 EURO 95 (SUPER),22.03.2025,10.53,L,16.39,0.0
1400103,San Mauro Pascoli,0036 EURO 95 (SUPER),25.03.2025,41.63,L,56.95,0.0
1400103,San Mauro Pascoli,0036 EURO 95 (SUPER),25.03.2025,49.74,L,68.05,0.0
1400103,San Mauro Pascoli,0036 EURO 95 (SUPER),26.03.2025,10.91,L,14.93,0.0
1400103,San Mauro Pascoli,0036 EURO 95 (SUPER),29.03.2025,38.71,L,53.27,0.0
1400103,San Mauro Pascoli,0036 EURO 95 (SUPER),31.03.2025,41.69,L,57.38,0.0
1400104,Cervia,0006 GPL (LPG),17.03.2025,48.73,L,29.52,0.49
1400104,Cervia,0006 GPL (LPG),27.03.2025,51.8,L,31.38,0.52
1400104,Cervia,0009 GASOLIO,17.03.2025,57.13,L,78.62,0.57
1400104,Cervia,0009 GASOLIO,17.03.2025,58.75,L,80.85,0.59
1400104,Cervia,0009 GASOLIO,17.03.2025,238.28,L,327.93,2.38
1400104,Cervia,0009 GASOLIO,17.03.2025,70.94,L,111.0,0.71
1400104,Cervia,0009 GASOLIO,18.03.2025,31.71,L,43.64,0.32
1400104,Cervia,0009 GASOLIO,18.03.2025,40.31,L,55.48,0.4
1400104,Cervia,0009 GASOLIO,19.03.2025,37.03,L,50.66,0.37
1400104,Cervia,0009 GASOLIO,20.03.2025,51.39,L,70.3,0.51
1400104,Cervia,0009 GASOLIO,20.03.2025,76.92,L,105.23,0.77
1400104,Cervia,0009 GASOLIO,21.03.2025,251.65,L,344.26,2.52
1400104,Cervia,0009 GASOLIO,21.03.2025,44.94,L,61.48,0.45
1400104,Cervia,0009 GASOLIO,21.03.2025,201.92,L,276.23,2.02
1400104,Cervia,0009 GASOLIO,24.03.2025,54.76,L,85.24,0.55
1400104,Cervia,0009 GASOLIO,25.03.2025,73.84,L,101.02,0.74
1400104,Cervia,0009 GASOLIO,25.03.2025,62.92,L,86.07,0.63
1400104,Cervia,0009 GASOLIO,26.03.2025,82.94,L,113.47,0.83
1400104,Cervia,0009 GASOLIO,26.03.2025,76.32,L,104.41,0.76
1400104,Cervia,0009 GASOLIO,26.03.2025,40.85,L,55.89,0.41
1400104,Cervia,0009 GASOLIO,27.03.2025,41.5,L,56.77,0.42
1400104,Cervia,0009 GASOLIO,27.03.2025,86.34,L,118.11,0.86
1400104,Cervia,0009 GASOLIO,27.03.2025,201.92,L,276.23,2.02
1400104,Cervia,0009 GASOLIO,27.03.2025,49.1,L,67.17,0.49
1400104,Cervia,0009 GASOLIO,27.03.2025,32.26,L,44.13,0.32
1400104,Cervia,0009 GASOLIO,29.03.2025,39.98,L,54.7,0.4
1400104,Cervia,0009 GASOLIO,29.03.2025,43.41,L,59.39,0.43
1400104,Cervia,0009 GASOLIO,31.03.2025,27.52,L,37.65,0.28
1400104,Cervia,0009 GASOLIO,31.03.2025,39.89,L,54.57,0.4
1400104,Cervia,0009 GASOLIO,31.03.2025,311.57,L,426.24,3.12
1400104,Cervia,0009 GASOLIO,31.03.2025,18.02,L,24.66,0.18
1400104,Cervia,0013 Gas naturale (GNC),22.03.2025,7.62,KG,8.99,0.38
1400104,Cervia,0016 ADBLUE (merce sciolta),17.03.2025,16.19,L,13.25,0.0
1400104,Cervia,0016 ADBLUE (merce sciolta),17.03.2025,42.28,L,34.62,0.0
1400104,Cervia,0016 ADBLUE (merce sciolta),19.03.2025,10.86,L,8.89,0.0
1400104,Cervia,0016 ADBLUE (merce sciolta),20.03.2025,48.85,L,40.0,0.0
1400104,Cervia,0016 ADBLUE (merce sciolta),20.03.2025,9.66,L,7.91,0.0
1400104,Cervia,0016 ADBLUE (merce sciolta),24.03.2025,35.04,L,28.69,0.0
1400104,Cervia,0016 ADBLUE (merce sciolta),27.03.2025,11.61,L,9.51,0.0
1400104,Cervia,0016 ADBLUE (merce sciolta),27.03.2025,12.69,L,10.39,0.0
1400104,Cervia,0016 ADBLUE (merce sciolta),27.03.2025,15.09,L,12.35,0.0
1400104,Cervia,0016 ADBLUE (merce sciolta),30.03.2025,7.55,L,6.18,0.0
1400104,Cervia,0016 ADBLUE (merce sciolta),31.03.2025,15.49,L,12.68,0.0
1400104,Cervia,0036 EURO 95 (SUPER),16.03.2025,68.4,L,94.7,0.0
1400104,Cervia,0036 EURO 95 (SUPER),17.03.2025,10.42,L,16.39,0.0
1400104,Cervia,0036 EURO 95 (SUPER),19.03.2025,21.19,L,29.34,0.0
1400104,Cervia,0036 EURO 95 (SUPER),20.03.2025,26.56,L,36.77,0.0
1400104,Cervia,0036 EURO 95 (SUPER),20.03.2025,46.22,L,63.99,0.0
1400104,Cervia,0036 EURO 95 (SUPER),21.03.2025,22.88,L,31.67,0.0
1400104,Cervia,0036 EURO 95 (SUPER),21.03.2025,40.42,L,55.96,0.0
1400104,Cervia,0036 EURO 95 (SUPER),25.03.2025,29.6,L,40.98,0.0
1400104,Cervia,0036 EURO 95 (SUPER),25.03.2025,11.86,L,16.42,0.0
1400104,Cervia,0036 EURO 95 (SUPER),26.03.2025,33.12,L,45.85,0.0
1400104,Cervia,0036 EURO 95 (SUPER),28.03.2025,17.77,L,24.6,0.0
1400105,Cattolica,0006 GPL (LPG),17.03.2025,16.36,L,9.78,0.16
1400105,Cattolica,0006 GPL (LPG),19.03.2025,27.43,L,16.39,0.27
1400105,Cattolica,0006 GPL (LPG),20.03.2025,9.89,L,5.91,0.1
1400105,Cattolica,0006 GPL (LPG),21.03.2025,42.53,L,25.41,0.43
1400105,Cattolica,0006 GPL (LPG),26.03.2025,35.82,L,21.4,0.36
1400105,Cattolica,0006 GPL (LPG),26.03.2025,31.54,L,18.84,0.32
1400105,Cattolica,0006 GPL (LPG),27.03.2025,33.61,L,20.08,0.34
1400105,Cattolica,0006 GPL (LPG),27.03.2025,34.29,L,20.49,0.34
1400105,Cattolica,0006 GPL (LPG),31.03.2025,28.64,L,17.11,0.29
1400105,Cattolica,0009 GASOLIO,11.03.2025,64.94,L,88.84,0.65
1400105,Cattolica,0009 GASOLIO,16.03.2025,39.57,L,53.81,0.4
1400105,Cattolica,0009 GASOLIO,16.03.2025,37.74,L,51.32,0.38
1400105,Cattolica,0009 GASOLIO,16.03.2025,80.37,L,109.29,0.8
1400105,Cattolica,0009 GASOLIO,17.03.2025,30.14,L,40.98,0.3
1400105,Cattolica,0009 GASOLIO,17.03.2025,30.24,L,41.12,0.3
1400105,Cattolica,0009 GASOLIO,17.03.2025,32.01,L,43.52,0.32
1400105,Cattolica,0009 GASOLIO,17.03.2025,54.85,L,74.59,0.55
1400105,Cattolica,0009 GASOLIO,18.03.2025,67.3,L,90.97,0.67
1400105,Cattolica,0009 GASOLIO,18.03.2025,137.96,L,186.48,1.38
1400105,Cattolica,0009 GASOLIO,18.03.2025,34.05,L,46.02,0.34
1400105,Cattolica,0009 GASOLIO,18.03.2025,65.28,L,88.24,0.65
1400105,Cattolica,0009 GASOLIO,18.03.2025,23.22,L,31.39,0.23
1400105,Cattolica,0009 GASOLIO,18.03.2025,82.27,L,111.2,0.82
1400105,Cattolica,0009 GASOLIO,19.03.2025,53.08,L,71.31,0.53
1400105,Cattolica,0009 GASOLIO,19.03.2025,41.22,L,55.38,0.41
1400105,Cattolica,0009 GASOLIO,19.03.2025,40.88,L,54.92,0.41
1400105,Cattolica,0009 GASOLIO,19.03.2025,70.17,L,94.27,0.7
1400105,Cattolica,0009 GASOLIO,19.03.2025,52.11,L,70.01,0.52
1400105,Cattolica,0009 GASOLIO,19.03.2025,36.66,L,49.25,0.37
1400105,Cattolica,0009 GASOLIO,19.03.2025,29.44,L,45.1,0.29
1400105,Cattolica,0009 GASOLIO,20.03.2025,63.41,L,84.66,0.63
1400105,Cattolica,0009 GASOLIO,20.03.2025,53.87,L,71.93,0.54
1400105,Cattolica,0009 GASOLIO,20.03.2025,62.05,L,82.85,0.62
1400105,Cattolica,0009 GASOLIO,20.03.2025,42.16,L,56.3,0.42
1400105,Cattolica,0009 GASOLIO,20.03.2025,55.42,L,74.0,0.55
1400105,Cattolica,0009 GASOLIO,21.03.2025,30.7,L,40.99,0.31
1400105,Cattolica,0009 GASOLIO,22.03.2025,33.77,L,45.09,0.34
1400105,Cattolica,0009 GASOLIO,23.03.2025,46.06,L,61.5,0.46
1400105,Cattolica,0009 GASOLIO,24.03.2025,60.82,L,81.21,0.61
1400105,Cattolica,0009 GASOLIO,24.03.2025,50.36,L,67.25,0.5
1400105,Cattolica,0009 GASOLIO,25.03.2025,77.35,L,103.28,0.77
1400105,Cattolica,0009 GASOLIO,25.03.2025,36.83,L,49.18,0.37
1400105,Cattolica,0009 GASOLIO,25.03.2025,34.4,L,45.93,0.34
1400105,Cattolica,0009 GASOLIO,25.03.2025,64.46,L,86.07,0.64
1400105,Cattolica,0009 GASOLIO,26.03.2025,23.95,L,31.98,0.24
1400105,Cattolica,0009 GASOLIO,26.03.2025,55.35,L,73.91,0.55
1400105,Cattolica,0009 GASOLIO,26.03.2025,104.97,L,140.16,1.05
1400105,Cattolica,0009 GASOLIO,26.03.2025,25.61,L,34.2,0.26
1400105,Cattolica,0009 GASOLIO,27.03.2025,120.0,L,160.23,1.2
1400105,Cattolica,0009 GASOLIO,27.03.2025,47.88,L,63.93,0.48
1400105,Cattolica,0009 GASOLIO,27.03.2025,63.4,L,84.66,0.63
1400105,Cattolica,0009 GASOLIO,27.03.2025,39.99,L,53.39,0.4
1400105,Cattolica,0009 GASOLIO,27.03.2025,44.23,L,59.06,0.44
1400105,Cattolica,0009 GASOLIO,27.03.2025,62.64,L,83.64,0.63
1400105,Cattolica,0009 GASOLIO,28.03.2025,47.1,L,62.89,0.47
1400105,Cattolica,0009 GASOLIO,28.03.2025,57.06,L,76.19,0.57
1400105,Cattolica,0009 GASOLIO,28.03.2025,73.67,L,98.37,0.74
1400105,Cattolica,0009 GASOLIO,28.03.2025,43.02,L,57.44,0.43
1400105,Cattolica,0009 GASOLIO,28.03.2025,30.78,L,41.1,0.31
1400105,Cattolica,0009 GASOLIO,28.03.2025,33.76,L,45.08,0.34
1400105,Cattolica,0009 GASOLIO,28.03.2025,80.43,L,107.39,0.8
1400105,Cattolica,0009 GASOLIO,28.03.2025,56.4,L,75.31,0.56
1400105,Cattolica,0009 GASOLIO,28.03.2025,58.87,L,78.61,0.59
1400105,Cattolica,0009 GASOLIO,29.03.2025,153.13,L,204.47,1.53
1400105,Cattolica,0009 GASOLIO,29.03.2025,36.91,L,49.29,0.37
1400105,Cattolica,0009 GASOLIO,29.03.2025,223.13,L,297.93,2.23
1400105,Cattolica,0009 GASOLIO,30.03.2025,253.03,L,337.86,2.53
1400105,Cattolica,0009 GASOLIO,30.03.2025,59.47,L,79.41,0.59
1400105,Cattolica,0009 GASOLIO,31.03.2025,60.0,L,80.11,0.6
1400105,Cattolica,0009 GASOLIO,31.03.2025,43.1,L,57.55,0.43
1400105,Cattolica,0009 GASOLIO,31.03.2025,24.57,L,32.8,0.25
1400105,Cattolica,0013 Gas naturale (GNC),19.03.2025,15.35,KG,19.49,0.77
1400105,Cattolica,0013 Gas naturale (GNC),19.03.2025,14.55,KG,18.48,0.73
1400105,Cattolica,0013 Gas naturale (GNC),20.03.2025,17.44,KG,21.0,0.87
1400105,Cattolica,0013 Gas naturale (GNC),20.03.2025,11.83,KG,14.73,0.59
1400105,Cattolica,0013 Gas naturale (GNC),21.03.2025,12.91,KG,16.07,0.65
1400105,Cattolica,0013 Gas naturale (GNC),24.03.2025,11.46,KG,14.27,0.57
1400105,Cattolica,0013 Gas naturale (GNC),25.03.2025,18.42,KG,22.93,0.92
1400105,Cattolica,0013 Gas naturale (GNC),26.03.2025,9.23,KG,11.49,0.46
1400105,Cattolica,0013 Gas naturale (GNC),26.03.2025,11.61,KG,14.46,0.58
1400105,Cattolica,0013 Gas naturale (GNC),27.03.2025,13.6,KG,16.93,0.68
1400105,Cattolica,0013 Gas naturale (GNC),27.03.2025,7.86,KG,9.79,0.39
1400105,Cattolica,0013 Gas naturale (GNC),28.03.2025,8.86,KG,11.03,0.44
1400105,Cattolica,0013 Gas naturale (GNC),31.03.2025,13.94,KG,17.35,0.7
1400105,Cattolica,0016 ADBLUE (merce sciolta),18.03.2025,34.73,L,28.44,0.0
1400105,Cattolica,0016 ADBLUE (merce sciolta),20.03.2025,10.52,L,8.61,0.0
1400105,Cattolica,0016 ADBLUE (merce sciolta),20.03.2025,18.92,L,15.49,0.0
1400105,Cattolica,0016 ADBLUE (merce sciolta),23.03.2025,7.06,L,5.78,0.0
1400105,Cattolica,0016 ADBLUE (merce sciolta),26.03.2025,43.06,L,35.26,0.0
1400105,Cattolica,0016 ADBLUE (merce sciolta),27.03.2025,11.01,L,9.02,0.0
1400105,Cattolica,0016 ADBLUE (merce sciolta),27.03.2025,17.1,L,14.0,0.0
1400105,Cattolica,0016 ADBLUE (merce sciolta),28.03.2025,60.07,L,49.19,0.0
1400105,Cattolica,0016 ADBLUE (merce sciolta),31.03.2025,0.92,L,0.75,0.0
1400105,Cattolica,0036 EURO 95 (SUPER),16.03.2025,21.92,L,30.34,0.0
1400105,Cattolica,0036 EURO 95 (SUPER),16.03.2025,36.49,L,50.52,0.0
1400105,Cattolica,0036 EURO 95 (SUPER),16.03.2025,31.27,L,49.19,0.0
1400105,Cattolica,0036 EURO 95 (SUPER),17.03.2025,32.59,L,45.11,0.0
1400105,Cattolica,0036 EURO 95 (SUPER),17.03.2025,57.0,L,78.91,0.0
1400105,Cattolica,0036 EURO 95 (SUPER),17.03.2025,20.61,L,28.53,0.0
1400105,Cattolica,0036 EURO 95 (SUPER),17.03.2025,14.07,L,19.48,0.0
1400105,Cattolica,0036 EURO 95 (SUPER),18.03.2025,38.07,L,52.7,0.0
1400105,Cattolica,0036 EURO 95 (SUPER),18.03.2025,22.93,L,36.07,0.0
1400105,Cattolica,0036 EURO 95 (SUPER),19.03.2025,48.58,L,67.25,0.0
1400105,Cattolica,0036 EURO 95 (SUPER),19.03.2025,15.42,L,21.34,0.0
1400105,Cattolica,0036 EURO 95 (SUPER),19.03.2025,29.63,L,41.02,0.0
1400105,Cattolica,0036 EURO 95 (SUPER),19.03.2025,47.8,L,66.17,0.0
1400105,Cattolica,0036 EURO 95 (SUPER),20.03.2025,42.43,L,58.74,0.0
1400105,Cattolica,0036 EURO 95 (SUPER),20.03.2025,16.15,L,25.4,0.0
1400105,Cattolica,0036 EURO 95 (SUPER),21.03.2025,22.84,L,31.43,0.0
1400105,Cattolica,0036 EURO 95 (SUPER),21.03.2025,55.4,L,76.25,0.0
1400105,Cattolica,0036 EURO 95 (SUPER),22.03.2025,16.36,L,22.52,0.0
1400105,Cattolica,0036 EURO 95 (SUPER),24.03.2025,19.66,L,27.06,0.0
1400105,Cattolica,0036 EURO 95 (SUPER),24.03.2025,10.48,L,16.4,0.0
1400105,Cattolica,0036 EURO 95 (SUPER),25.03.2025,41.72,L,57.42,0.0
1400105,Cattolica,0036 EURO 95 (SUPER),26.03.2025,59.13,L,81.38,0.0
1400105,Cattolica,0036 EURO 95 (SUPER),27.03.2025,5.96,L,8.2,0.0
1400105,Cattolica,0036 EURO 95 (SUPER),28.03.2025,3.46,L,5.42,0.0
1400105,Cattolica,0036 EURO 95 (SUPER),29.03.2025,32.34,L,44.51,0.0
1400105,Cattolica,0036 EURO 95 (SUPER),30.03.2025,12.61,L,17.35,0.0
1400105,Cattolica,0036 EURO 95 (SUPER),30.03.2025,16.77,L,23.08,0.0
1400105,Cattolica,0036 EURO 95 (SUPER),31.03.2025,40.8,L,56.15,0.0
1400105,Cattolica,0036 EURO 95 (SUPER),31.03.2025,29.78,L,40.98,0.0
1400106,Carpena di Forli,0006 GPL (LPG),17.03.2025,37.51,L,21.49,0.38
1400106,Carpena di Forli,0006 GPL (LPG),22.03.2025,21.3,L,12.2,0.21
1400106,Carpena di Forli,0006 GPL (LPG),24.03.2025,19.14,L,10.97,0.19
1400106,Carpena di Forli,0006 GPL (LPG),24.03.2025,49.97,L,28.63,0.5
1400106,Carpena di Forli,0006 GPL (LPG),25.03.2025,67.96,L,38.93,0.68
1400106,Carpena di Forli,0006 GPL (LPG),29.03.2025,37.53,L,21.5,0.38
1400106,Carpena di Forli,0009 GASOLIO,16.03.2025,60.39,L,80.64,0.6
1400106,Carpena di Forli,0009 GASOLIO,17.03.2025,58.82,L,78.54,0.59
1400106,Carpena di Forli,0009 GASOLIO,17.03.2025,307.11,L,410.07,3.07
1400106,Carpena di Forli,0009 GASOLIO,17.03.2025,65.68,L,87.7,0.66
1400106,Carpena di Forli,0009 GASOLIO,17.03.2025,31.93,L,42.63,0.32
1400106,Carpena di Forli,0009 GASOLIO,18.03.2025,58.67,L,77.86,0.59
1400106,Carpena di Forli,0009 GASOLIO,18.03.2025,42.37,L,56.57,0.42
1400106,Carpena di Forli,0009 GASOLIO,18.03.2025,41.65,L,55.61,0.42
1400106,Carpena di Forli,0009 GASOLIO,18.03.2025,132.84,L,177.37,1.33
1400106,Carpena di Forli,0009 GASOLIO,18.03.2025,30.69,L,40.98,0.31
1400106,Carpena di Forli,0009 GASOLIO,18.03.2025,214.86,L,286.89,2.15
1400106,Carpena di Forli,0009 GASOLIO,18.03.2025,420.94,L,562.06,4.21
1400106,Carpena di Forli,0009 GASOLIO,19.03.2025,18.53,L,24.59,0.19
1400106,Carpena di Forli,0009 GASOLIO,19.03.2025,59.89,L,79.48,0.6
1400106,Carpena di Forli,0009 GASOLIO,20.03.2025,61.79,L,82.0,0.62
1400106,Carpena di Forli,0009 GASOLIO,20.03.2025,43.87,L,58.22,0.44
1400106,Carpena di Forli,0009 GASOLIO,20.03.2025,49.42,L,65.58,0.49
1400106,Carpena di Forli,0009 GASOLIO,21.03.2025,55.59,L,73.77,0.56
1400106,Carpena di Forli,0009 GASOLIO,22.03.2025,123.53,L,163.93,1.24
1400106,Carpena di Forli,0009 GASOLIO,23.03.2025,51.55,L,68.41,0.52
1400106,Carpena di Forli,0009 GASOLIO,24.03.2025,35.38,L,46.95,0.35
1400106,Carpena di Forli,0009 GASOLIO,24.03.2025,75.5,L,100.19,0.76
1400106,Carpena di Forli,0009 GASOLIO,24.03.2025,40.09,L,53.2,0.4
1400106,Carpena di Forli,0009 GASOLIO,24.03.2025,47.25,L,62.7,0.47
1400106,Carpena di Forli,0009 GASOLIO,24.03.2025,53.23,L,80.67,0.53
1400106,Carpena di Forli,0009 GASOLIO,25.03.2025,43.58,L,57.84,0.44
1400106,Carpena di Forli,0009 GASOLIO,25.03.2025,30.92,L,41.03,0.31
1400106,Carpena di Forli,0009 GASOLIO,25.03.2025,43.7,L,57.99,0.44
1400106,Carpena di Forli,0009 GASOLIO,25.03.2025,25.95,L,34.43,0.26
1400106,Carpena di Forli,0009 GASOLIO,25.03.2025,32.74,L,43.45,0.33
1400106,Carpena di Forli,0009 GASOLIO,25.03.2025,39.84,L,52.87,0.4
1400106,Carpena di Forli,0009 GASOLIO,26.03.2025,82.37,L,109.31,0.82
1400106,Carpena di Forli,0009 GASOLIO,26.03.2025,37.06,L,49.18,0.37
1400106,Carpena di Forli,0009 GASOLIO,26.03.2025,61.77,L,81.98,0.62
1400106,Carpena di Forli,0009 GASOLIO,27.03.2025,58.06,L,77.05,0.58
1400106,Carpena di Forli,0009 GASOLIO,27.03.2025,43.46,L,57.67,0.43
1400106,Carpena di Forli,0009 GASOLIO,28.03.2025,57.18,L,75.88,0.57
1400106,Carpena di Forli,0009 GASOLIO,28.03.2025,65.62,L,87.08,0.66
1400106,Carpena di Forli,0009 GASOLIO,28.03.2025,61.8,L,82.01,0.62
1400106,Carpena di Forli,0009 GASOLIO,28.03.2025,70.16,L,93.11,0.7
1400106,Carpena di Forli,0009 GASOLIO,28.03.2025,410.76,L,545.1,4.11
1400106,Carpena di Forli,0009 GASOLIO,30.03.2025,37.36,L,49.58,0.37
1400106,Carpena di Forli,0009 GASOLIO,31.03.2025,49.41,L,65.57,0.49
1400106,Carpena di Forli,0009 GASOLIO,31.03.2025,33.97,L,45.08,0.34
1400106,Carpena di Forli,0009 GASOLIO,31.03.2025,61.79,L,82.0,0.62
1400106,Carpena di Forli,0016 ADBLUE (merce sciolta),18.03.2025,35.42,L,29.0,0.0
1400106,Carpena di Forli,0016 ADBLUE (merce sciolta),18.03.2025,11.01,L,9.02,0.0
1400106,Carpena di Forli,0016 ADBLUE (merce sciolta),22.03.2025,31.03,L,25.41,0.0
1400106,Carpena di Forli,0016 ADBLUE (merce sciolta),22.03.2025,50.05,L,40.98,0.0
1400106,Carpena di Forli,0016 ADBLUE (merce sciolta),22.03.2025,0.39,L,0.32,0.0
1400106,Carpena di Forli,0016 ADBLUE (merce sciolta),23.03.2025,12.26,L,10.04,0.0
1400106,Carpena di Forli,0016 ADBLUE (merce sciolta),26.03.2025,17.02,L,13.93,0.0
1400106,Carpena di Forli,0016 ADBLUE (merce sciolta),26.03.2025,36.07,L,29.53,0.0
1400106,Carpena di Forli,0016 ADBLUE (merce sciolta),27.03.2025,10.48,L,8.58,0.0
1400106,Carpena di Forli,0036 EURO 95 (SUPER),17.03.2025,44.04,L,60.61,0.0
1400106,Carpena di Forli,0036 EURO 95 (SUPER),18.03.2025,45.27,L,62.3,0.0
1400106,Carpena di Forli,0036 EURO 95 (SUPER),18.03.2025,44.14,L,60.75,0.0
1400106,Carpena di Forli,0036 EURO 95 (SUPER),20.03.2025,11.98,L,16.39,0.0
1400106,Carpena di Forli,0036 EURO 95 (SUPER),20.03.2025,42.13,L,57.63,0.0
1400106,Carpena di Forli,0036 EURO 95 (SUPER),21.03.2025,29.96,L,40.98,0.0
1400106,Carpena di Forli,0036 EURO 95 (SUPER),22.03.2025,45.25,L,61.9,0.0
1400106,Carpena di Forli,0036 EURO 95 (SUPER),23.03.2025,43.74,L,59.84,0.0
1400106,Carpena di Forli,0036 EURO 95 (SUPER),24.03.2025,21.06,L,32.78,0.0
1400106,Carpena di Forli,0036 EURO 95 (SUPER),27.03.2025,37.15,L,50.82,0.0
1400106,Carpena di Forli,0036 EURO 95 (SUPER),29.03.2025,46.17,L,63.16,0.0
1400106,Carpena di Forli,0036 EURO 95 (SUPER),29.03.2025,15.8,L,24.59,0.0
1400106,Carpena di Forli,0036 EURO 95 (SUPER),30.03.2025,44.9,L,61.43,0.0
1400106,Carpena di Forli,0036 EURO 95 (SUPER),31.03.2025,21.04,L,28.79,0.0
1400128,Rimini,0006 GPL (LPG),16.03.2025,26.7,L,15.95,0.27
1400128,Rimini,0006 GPL (LPG),16.03.2025,35.29,L,21.09,0.35
1400128,Rimini,0006 GPL (LPG),18.03.2025,32.37,L,19.34,0.32
1400128,Rimini,0006 GPL (LPG),20.03.2025,32.27,L,19.28,0.32
1400128,Rimini,0006 GPL (LPG),22.03.2025,45.62,L,27.26,0.46
1400128,Rimini,0006 GPL (LPG),23.03.2025,15.99,L,9.56,0.16
1400128,Rimini,0006 GPL (LPG),25.03.2025,30.96,L,18.25,0.31
1400128,Rimini,0006 GPL (LPG),26.03.2025,24.21,L,14.27,0.24
1400128,Rimini,0006 GPL (LPG),27.03.2025,27.81,L,16.39,0.28
1400128,Rimini,0006 GPL (LPG),30.03.2025,31.99,L,18.85,0.32
1400128,Rimini,0009 GASOLIO,16.03.2025,31.36,L,42.9,0.31
1400128,Rimini,0009 GASOLIO,16.03.2025,89.39,L,122.29,0.89
1400128,Rimini,0009 GASOLIO,16.03.2025,63.51,L,86.89,0.64
1400128,Rimini,0009 GASOLIO,17.03.2025,58.65,L,80.24,0.59
1400128,Rimini,0009 GASOLIO,17.03.2025,52.95,L,72.43,0.53
1400128,Rimini,0009 GASOLIO,17.03.2025,55.52,L,75.95,0.56
1400128,Rimini,0009 GASOLIO,17.03.2025,48.62,L,66.52,0.49
1400128,Rimini,0009 GASOLIO,17.03.2025,39.28,L,53.74,0.39
1400128,Rimini,0009 GASOLIO,17.03.2025,56.8,L,77.7,0.57
1400128,Rimini,0009 GASOLIO,17.03.2025,50.44,L,69.0,0.5
1400128,Rimini,0009 GASOLIO,18.03.2025,44.95,L,61.49,0.45
1400128,Rimini,0009 GASOLIO,18.03.2025,45.11,L,61.71,0.45
1400128,Rimini,0009 GASOLIO,18.03.2025,35.5,L,48.57,0.36
1400128,Rimini,0009 GASOLIO,18.03.2025,33.85,L,46.31,0.34
1400128,Rimini,0009 GASOLIO,18.03.2025,58.14,L,79.54,0.58
1400128,Rimini,0009 GASOLIO,18.03.2025,17.99,L,24.61,0.18
1400128,Rimini,0009 GASOLIO,19.03.2025,29.25,L,39.78,0.29
1400128,Rimini,0009 GASOLIO,19.03.2025,36.95,L,50.25,0.37
1400128,Rimini,0009 GASOLIO,19.03.2025,48.22,L,65.57,0.48
1400128,Rimini,0009 GASOLIO,19.03.2025,104.77,L,142.47,1.05
1400128,Rimini,0009 GASOLIO,19.03.2025,42.72,L,58.09,0.43
1400128,Rimini,0009 GASOLIO,19.03.2025,45.28,L,61.57,0.45
1400128,Rimini,0009 GASOLIO,19.03.2025,30.25,L,41.13,0.3
1400128,Rimini,0009 GASOLIO,19.03.2025,41.07,L,55.85,0.41
1400128,Rimini,0009 GASOLIO,19.03.2025,55.46,L,75.42,0.55
1400128,Rimini,0009 GASOLIO,20.03.2025,44.28,L,59.85,0.44
1400128,Rimini,0009 GASOLIO,20.03.2025,42.45,L,57.38,0.42
1400128,Rimini,0009 GASOLIO,20.03.2025,30.32,L,40.98,0.3
1400128,Rimini,0009 GASOLIO,20.03.2025,810.06,L,1094.91,8.1
1400128,Rimini,0009 GASOLIO,21.03.2025,39.39,L,52.92,0.39
1400128,Rimini,0009 GASOLIO,21.03.2025,41.5,L,55.75,0.42
1400128,Rimini,0009 GASOLIO,21.03.2025,81.48,L,109.47,0.81
1400128,Rimini,0009 GASOLIO,21.03.2025,43.98,L,59.08,0.44
1400128,Rimini,0009 GASOLIO,21.03.2025,73.86,L,99.23,0.74
1400128,Rimini,0009 GASOLIO,21.03.2025,90.91,L,122.13,0.91
1400128,Rimini,0009 GASOLIO,21.03.2025,64.6,L,86.79,0.65
1400128,Rimini,0009 GASOLIO,21.03.2025,61.89,L,83.15,0.62
1400128,Rimini,0009 GASOLIO,21.03.2025,210.86,L,283.28,2.11
1400128,Rimini,0009 GASOLIO,22.03.2025,57.1,L,76.71,0.57
1400128,Rimini,0009 GASOLIO,22.03.2025,49.68,L,66.75,0.5
1400128,Rimini,0009 GASOLIO,22.03.2025,31.7,L,42.59,0.32
1400128,Rimini,0009 GASOLIO,23.03.2025,40.19,L,53.99,0.4
1400128,Rimini,0009 GASOLIO,23.03.2025,61.01,L,81.97,0.61
1400128,Rimini,0009 GASOLIO,23.03.2025,49.16,L,66.04,0.49
1400128,Rimini,0009 GASOLIO,23.03.2025,40.27,L,54.1,0.4
1400128,Rimini,0009 GASOLIO,24.03.2025,37.48,L,50.35,0.37
1400128,Rimini,0009 GASOLIO,24.03.2025,62.84,L,84.42,0.63
1400128,Rimini,0009 GASOLIO,24.03.2025,49.64,L,66.69,0.5
1400128,Rimini,0009 GASOLIO,24.03.2025,271.82,L,365.17,2.72
1400128,Rimini,0009 GASOLIO,24.03.2025,49.99,L,67.16,0.5
1400128,Rimini,0009 GASOLIO,24.03.2025,47.83,L,64.25,0.48
1400128,Rimini,0009 GASOLIO,24.03.2025,40.25,L,54.07,0.4
1400128,Rimini,0009 GASOLIO,24.03.2025,122.28,L,164.28,1.22
1400128,Rimini,0009 GASOLIO,24.03.2025,31.93,L,48.92,0.32
1400128,Rimini,0009 GASOLIO,25.03.2025,70.05,L,94.11,0.7
1400128,Rimini,0009 GASOLIO,25.03.2025,26.42,L,35.49,0.26
1400128,Rimini,0009 GASOLIO,25.03.2025,41.8,L,56.16,0.42
1400128,Rimini,0009 GASOLIO,25.03.2025,12.23,L,16.43,0.12
1400128,Rimini,0009 GASOLIO,25.03.2025,38.44,L,51.64,0.38
1400128,Rimini,0009 GASOLIO,25.03.2025,74.21,L,99.7,0.74
1400128,Rimini,0009 GASOLIO,25.03.2025,261.93,L,351.89,2.62
1400128,Rimini,0009 GASOLIO,25.03.2025,39.33,L,52.84,0.39
1400128,Rimini,0009 GASOLIO,25.03.2025,9.15,L,12.3,0.09
1400128,Rimini,0009 GASOLIO,26.03.2025,100.35,L,134.81,1.0
1400128,Rimini,0009 GASOLIO,26.03.2025,55.73,L,74.87,0.56
1400128,Rimini,0009 GASOLIO,26.03.2025,42.14,L,56.61,0.42
1400128,Rimini,0009 GASOLIO,26.03.2025,341.67,L,459.02,3.42
1400128,Rimini,0009 GASOLIO,26.03.2025,21.62,L,29.05,0.22
1400128,Rimini,0009 GASOLIO,26.03.2025,63.68,L,85.55,0.64
1400128,Rimini,0009 GASOLIO,26.03.2025,34.82,L,46.78,0.35
1400128,Rimini,0009 GASOLIO,26.03.2025,47.12,L,63.3,0.47
1400128,Rimini,0009 GASOLIO,27.03.2025,45.99,L,61.79,0.46
1400128,Rimini,0009 GASOLIO,27.03.2025,19.09,L,25.65,0.19
1400128,Rimini,0009 GASOLIO,27.03.2025,53.03,L,71.25,0.53
1400128,Rimini,0009 GASOLIO,27.03.2025,39.8,L,53.47,0.4
1400128,Rimini,0009 GASOLIO,27.03.2025,43.96,L,59.06,0.44
1400128,Rimini,0009 GASOLIO,27.03.2025,35.39,L,47.54,0.35
1400128,Rimini,0009 GASOLIO,27.03.2025,43.93,L,59.02,0.44
1400128,Rimini,0009 GASOLIO,28.03.2025,304.1,L,408.54,3.04
1400128,Rimini,0009 GASOLIO,28.03.2025,39.81,L,53.48,0.4
1400128,Rimini,0009 GASOLIO,28.03.2025,28.51,L,38.3,0.29
1400128,Rimini,0009 GASOLIO,28.03.2025,305.84,L,410.88,3.06
1400128,Rimini,0009 GASOLIO,28.03.2025,64.07,L,86.07,0.64
1400128,Rimini,0009 GASOLIO,28.03.2025,43.72,L,58.74,0.44
1400128,Rimini,0009 GASOLIO,28.03.2025,54.39,L,73.07,0.54
1400128,Rimini,0009 GASOLIO,28.03.2025,36.61,L,49.18,0.37
1400128,Rimini,0009 GASOLIO,29.03.2025,49.44,L,66.42,0.49
1400128,Rimini,0009 GASOLIO,29.03.2025,300.18,L,403.28,3.0
1400128,Rimini,0009 GASOLIO,30.03.2025,44.46,L,59.73,0.44
1400128,Rimini,0009 GASOLIO,30.03.2025,30.54,L,41.03,0.31
1400128,Rimini,0009 GASOLIO,30.03.2025,38.66,L,51.93,0.39
1400128,Rimini,0009 GASOLIO,30.03.2025,46.5,L,62.47,0.47
1400128,Rimini,0009 GASOLIO,31.03.2025,87.01,L,116.89,0.87
1400128,Rimini,0009 GASOLIO,31.03.2025,57.08,L,76.68,0.57
1400128,Rimini,0009 GASOLIO,31.03.2025,67.62,L,90.84,0.68
1400128,Rimini,0009 GASOLIO,31.03.2025,28.68,L,38.53,0.29
1400128,Rimini,0009 GASOLIO,31.03.2025,46.07,L,61.89,0.46
1400128,Rimini,0009 GASOLIO,31.03.2025,81.15,L,109.02,0.81
1400128,Rimini,0009 GASOLIO,31.03.2025,12.2,L,16.39,0.12
1400128,Rimini,0009 GASOLIO,31.03.2025,31.63,L,42.49,0.32
1400128,Rimini,0009 GASOLIO,31.03.2025,62.71,L,84.25,0.63
1400128,Rimini,0009 GASOLIO,31.03.2025,42.76,L,57.44,0.43
1400128,Rimini,0013 Gas naturale (GNC),16.03.2025,18.8,KG,22.8,0.94
1400128,Rimini,0013 Gas naturale (GNC),16.03.2025,18.73,KG,22.7,0.94
1400128,Rimini,0013 Gas naturale (GNC),17.03.2025,12.14,KG,14.72,0.61
1400128,Rimini,0013 Gas naturale (GNC),17.03.2025,11.65,KG,14.12,0.58
1400128,Rimini,0013 Gas naturale (GNC),19.03.2025,9.14,KG,11.08,0.46
1400128,Rimini,0013 Gas naturale (GNC),19.03.2025,13.86,KG,16.8,0.69
1400128,Rimini,0013 Gas naturale (GNC),21.03.2025,14.78,KG,17.8,0.74
1400128,Rimini,0013 Gas naturale (GNC),21.03.2025,17.01,KG,20.48,0.85
1400128,Rimini,0013 Gas naturale (GNC),22.03.2025,10.52,KG,12.58,0.53
1400128,Rimini,0013 Gas naturale (GNC),23.03.2025,23.42,KG,28.01,1.17
1400128,Rimini,0013 Gas naturale (GNC),23.03.2025,16.36,KG,19.57,0.82
1400128,Rimini,0013 Gas naturale (GNC),27.03.2025,16.66,KG,19.93,0.83
1400128,Rimini,0013 Gas naturale (GNC),27.03.2025,11.54,KG,13.8,0.58
1400128,Rimini,0016 ADBLUE (merce sciolta),16.03.2025,11.56,L,9.47,0.0
1400128,Rimini,0016 ADBLUE (merce sciolta),16.03.2025,17.33,L,14.19,0.0
1400128,Rimini,0016 ADBLUE (merce sciolta),17.03.2025,1.78,L,1.46,0.0
1400128,Rimini,0016 ADBLUE (merce sciolta),17.03.2025,43.55,L,35.66,0.0
1400128,Rimini,0016 ADBLUE (merce sciolta),17.03.2025,7.84,L,6.42,0.0
1400128,Rimini,0016 ADBLUE (merce sciolta),17.03.2025,18.18,L,14.89,0.0
1400128,Rimini,0016 ADBLUE (merce sciolta),17.03.2025,43.92,L,35.97,0.0
1400128,Rimini,0016 ADBLUE (merce sciolta),19.03.2025,22.11,L,18.11,0.0
1400128,Rimini,0016 ADBLUE (merce sciolta),19.03.2025,20.03,L,16.4,0.0
1400128,Rimini,0016 ADBLUE (merce sciolta),21.03.2025,60.48,L,49.52,0.0
1400128,Rimini,0016 ADBLUE (merce sciolta),21.03.2025,67.0,L,54.86,0.0
1400128,Rimini,0016 ADBLUE (merce sciolta),21.03.2025,20.86,L,17.08,0.0
1400128,Rimini,0016 ADBLUE (merce sciolta),21.03.2025,13.5,L,11.06,0.0
1400128,Rimini,0016 ADBLUE (merce sciolta),22.03.2025,7.15,L,5.85,0.0
1400128,Rimini,0016 ADBLUE (merce sciolta),23.03.2025,15.02,L,12.3,0.0
1400128,Rimini,0016 ADBLUE (merce sciolta),24.03.2025,24.63,L,20.17,0.0
1400128,Rimini,0016 ADBLUE (merce sciolta),24.03.2025,1.57,L,1.29,0.0
1400128,Rimini,0016 ADBLUE (merce sciolta),26.03.2025,50.67,L,41.49,0.0
1400128,Rimini,0016 ADBLUE (merce sciolta),26.03.2025,58.55,L,47.94,0.0
1400128,Rimini,0016 ADBLUE (merce sciolta),26.03.2025,53.11,L,43.49,0.0
1400128,Rimini,0016 ADBLUE (merce sciolta),27.03.2025,11.94,L,9.78,0.0
1400128,Rimini,0016 ADBLUE (merce sciolta),27.03.2025,53.74,L,44.01,0.0
1400128,Rimini,0016 ADBLUE (merce sciolta),27.03.2025,8.87,L,7.26,0.0
1400128,Rimini,0016 ADBLUE (merce sciolta),27.03.2025,11.71,L,9.59,0.0
1400128,Rimini,0016 ADBLUE (merce sciolta),27.03.2025,75.09,L,61.48,0.0
1400128,Rimini,0016 ADBLUE (merce sciolta),28.03.2025,30.23,L,24.75,0.0
1400128,Rimini,0016 ADBLUE (merce sciolta),31.03.2025,9.22,L,7.55,0.0
1400128,Rimini,0016 ADBLUE (merce sciolta),31.03.2025,10.21,L,8.36,0.0
1400128,Rimini,0016 ADBLUE (merce sciolta),31.03.2025,15.83,L,12.96,0.0
1400128,Rimini,0016 ADBLUE (merce sciolta),31.03.2025,8.51,L,6.97,0.0
1400128,Rimini,0036 EURO 95 (SUPER),17.03.2025,30.09,L,41.9,0.0
1400128,Rimini,0036 EURO 95 (SUPER),18.03.2025,41.79,L,58.2,0.0
1400128,Rimini,0036 EURO 95 (SUPER),18.03.2025,27.43,L,38.2,0.0
1400128,Rimini,0036 EURO 95 (SUPER),18.03.2025,36.97,L,51.48,0.0
1400128,Rimini,0036 EURO 95 (SUPER),18.03.2025,15.1,L,21.02,0.0
1400128,Rimini,0036 EURO 95 (SUPER),19.03.2025,11.77,L,16.39,0.0
1400128,Rimini,0036 EURO 95 (SUPER),19.03.2025,38.26,L,53.28,0.0
1400128,Rimini,0036 EURO 95 (SUPER),19.03.2025,18.13,L,25.25,0.0
1400128,Rimini,0036 EURO 95 (SUPER),21.03.2025,34.14,L,47.54,0.0
1400128,Rimini,0036 EURO 95 (SUPER),21.03.2025,36.76,L,51.2,0.0
1400128,Rimini,0036 EURO 95 (SUPER),22.03.2025,27.18,L,37.85,0.0
1400128,Rimini,0036 EURO 95 (SUPER),22.03.2025,38.91,L,54.19,0.0
1400128,Rimini,0036 EURO 95 (SUPER),22.03.2025,24.37,L,33.93,0.0
1400128,Rimini,0036 EURO 95 (SUPER),22.03.2025,27.79,L,38.7,0.0
1400128,Rimini,0036 EURO 95 (SUPER),22.03.2025,24.59,L,38.88,0.0
1400128,Rimini,0036 EURO 95 (SUPER),23.03.2025,13.62,L,18.97,0.0
1400128,Rimini,0036 EURO 95 (SUPER),23.03.2025,33.01,L,45.97,0.0
1400128,Rimini,0036 EURO 95 (SUPER),24.03.2025,34.24,L,47.68,0.0
1400128,Rimini,0036 EURO 95 (SUPER),25.03.2025,21.43,L,29.84,0.0
1400128,Rimini,0036 EURO 95 (SUPER),25.03.2025,42.45,L,59.11,0.0
1400128,Rimini,0036 EURO 95 (SUPER),25.03.2025,38.85,L,54.11,0.0
1400128,Rimini,0036 EURO 95 (SUPER),26.03.2025,34.16,L,47.57,0.0
1400128,Rimini,0036 EURO 95 (SUPER),26.03.2025,17.66,L,24.59,0.0
1400128,Rimini,0036 EURO 95 (SUPER),28.03.2025,44.15,L,61.48,0.0
1400128,Rimini,0036 EURO 95 (SUPER),28.03.2025,32.97,L,45.92,0.0
1400128,Rimini,0036 EURO 95 (SUPER),28.03.2025,9.46,L,13.17,0.0
1400128,Rimini,0036 EURO 95 (SUPER),28.03.2025,46.14,L,72.95,0.0
1400128,Rimini,0036 EURO 95 (SUPER),29.03.2025,37.34,L,52.0,0.0
1400128,Rimini,0036 EURO 95 (SUPER),31.03.2025,20.76,L,28.91,0.0
1400128,Rimini,0036 EURO 95 (SUPER),31.03.2025,29.84,L,41.56,0.0
1400129,Sant`Angelo di Gatteo,0006 GPL (LPG),17.03.2025,38.47,L,22.98,0.38
1400129,Sant`Angelo di Gatteo,0006 GPL (LPG),22.03.2025,34.57,L,20.38,0.35
1400129,Sant`Angelo di Gatteo,0009 GASOLIO,16.03.2025,56.74,L,76.23,0.57
1400129,Sant`Angelo di Gatteo,0009 GASOLIO,16.03.2025,45.1,L,60.59,0.45
1400129,Sant`Angelo di Gatteo,0009 GASOLIO,17.03.2025,53.96,L,72.49,0.54
1400129,Sant`Angelo di Gatteo,0009 GASOLIO,17.03.2025,201.35,L,270.5,2.01
1400129,Sant`Angelo di Gatteo,0009 GASOLIO,17.03.2025,39.25,L,52.73,0.39
1400129,Sant`Angelo di Gatteo,0009 GASOLIO,17.03.2025,25.02,L,33.61,0.25
1400129,Sant`Angelo di Gatteo,0009 GASOLIO,17.03.2025,35.0,L,47.02,0.35
1400129,Sant`Angelo di Gatteo,0009 GASOLIO,17.03.2025,401.07,L,538.81,4.01
1400129,Sant`Angelo di Gatteo,0009 GASOLIO,17.03.2025,184.66,L,248.08,1.85
1400129,Sant`Angelo di Gatteo,0009 GASOLIO,17.03.2025,434.36,L,583.54,4.34
1400129,Sant`Angelo di Gatteo,0009 GASOLIO,18.03.2025,49.46,L,66.44,0.49
1400129,Sant`Angelo di Gatteo,0009 GASOLIO,18.03.2025,305.07,L,409.84,3.05
1400129,Sant`Angelo di Gatteo,0009 GASOLIO,18.03.2025,546.07,L,733.61,5.46
1400129,Sant`Angelo di Gatteo,0009 GASOLIO,18.03.2025,50.45,L,67.78,0.5
1400129,Sant`Angelo di Gatteo,0009 GASOLIO,18.03.2025,49.69,L,66.75,0.5
1400129,Sant`Angelo di Gatteo,0009 GASOLIO,18.03.2025,30.53,L,41.02,0.31
1400129,Sant`Angelo di Gatteo,0009 GASOLIO,18.03.2025,37.99,L,58.2,0.38
1400129,Sant`Angelo di Gatteo,0009 GASOLIO,18.03.2025,54.04,L,82.79,0.54
1400129,Sant`Angelo di Gatteo,0009 GASOLIO,19.03.2025,25.83,L,34.7,0.26
1400129,Sant`Angelo di Gatteo,0009 GASOLIO,19.03.2025,455.64,L,612.12,4.56
1400129,Sant`Angelo di Gatteo,0009 GASOLIO,19.03.2025,48.81,L,65.57,0.49
1400129,Sant`Angelo di Gatteo,0009 GASOLIO,19.03.2025,42.76,L,57.44,0.43
1400129,Sant`Angelo di Gatteo,0009 GASOLIO,19.03.2025,33.56,L,45.08,0.34
1400129,Sant`Angelo di Gatteo,0009 GASOLIO,19.03.2025,321.27,L,431.61,3.21
1400129,Sant`Angelo di Gatteo,0009 GASOLIO,19.03.2025,333.35,L,447.84,3.33
1400129,Sant`Angelo di Gatteo,0009 GASOLIO,20.03.2025,100.4,L,134.06,1.0
1400129,Sant`Angelo di Gatteo,0009 GASOLIO,20.03.2025,36.11,L,48.51,0.36
1400129,Sant`Angelo di Gatteo,0009 GASOLIO,20.03.2025,69.52,L,93.39,0.7
1400129,Sant`Angelo di Gatteo,0009 GASOLIO,20.03.2025,48.81,L,65.57,0.49
1400129,Sant`Angelo di Gatteo,0009 GASOLIO,20.03.2025,61.78,L,83.0,0.62
1400129,Sant`Angelo di Gatteo,0009 GASOLIO,20.03.2025,47.59,L,63.93,0.48
1400129,Sant`Angelo di Gatteo,0009 GASOLIO,21.03.2025,33.01,L,44.07,0.33
1400129,Sant`Angelo di Gatteo,0009 GASOLIO,21.03.2025,57.09,L,76.23,0.57
1400129,Sant`Angelo di Gatteo,0009 GASOLIO,21.03.2025,552.49,L,737.71,5.52
1400129,Sant`Angelo di Gatteo,0009 GASOLIO,21.03.2025,58.36,L,77.93,0.58
1400129,Sant`Angelo di Gatteo,0009 GASOLIO,21.03.2025,24.56,L,32.8,0.25
1400129,Sant`Angelo di Gatteo,0009 GASOLIO,21.03.2025,55.26,L,73.79,0.55
1400129,Sant`Angelo di Gatteo,0009 GASOLIO,21.03.2025,245.61,L,327.95,2.46
1400129,Sant`Angelo di Gatteo,0009 GASOLIO,21.03.2025,47.6,L,63.56,0.48
1400129,Sant`Angelo di Gatteo,0009 GASOLIO,22.03.2025,59.61,L,79.59,0.6
1400129,Sant`Angelo di Gatteo,0009 GASOLIO,22.03.2025,60.15,L,80.31,0.6
1400129,Sant`Angelo di Gatteo,0009 GASOLIO,22.03.2025,233.89,L,312.3,2.34
1400129,Sant`Angelo di Gatteo,0009 GASOLIO,22.03.2025,18.42,L,24.6,0.18
1400129,Sant`Angelo di Gatteo,0009 GASOLIO,22.03.2025,61.42,L,82.01,0.61
1400129,Sant`Angelo di Gatteo,0009 GASOLIO,23.03.2025,46.2,L,61.69,0.46
1400129,Sant`Angelo di Gatteo,0009 GASOLIO,24.03.2025,44.7,L,59.69,0.45
1400129,Sant`Angelo di Gatteo,0009 GASOLIO,24.03.2025,41.74,L,55.73,0.42
1400129,Sant`Angelo di Gatteo,0009 GASOLIO,24.03.2025,37.7,L,50.34,0.38
1400129,Sant`Angelo di Gatteo,0009 GASOLIO,24.03.2025,151.02,L,201.65,1.51
1400129,Sant`Angelo di Gatteo,0009 GASOLIO,24.03.2025,316.88,L,423.12,3.17
1400129,Sant`Angelo di Gatteo,0009 GASOLIO,25.03.2025,235.48,L,314.43,2.35
1400129,Sant`Angelo di Gatteo,0009 GASOLIO,25.03.2025,50.01,L,66.78,0.5
1400129,Sant`Angelo di Gatteo,0009 GASOLIO,25.03.2025,82.23,L,109.8,0.82
1400129,Sant`Angelo di Gatteo,0009 GASOLIO,25.03.2025,552.49,L,737.71,5.52
1400129,Sant`Angelo di Gatteo,0009 GASOLIO,25.03.2025,59.49,L,79.43,0.59
1400129,Sant`Angelo di Gatteo,0009 GASOLIO,25.03.2025,35.67,L,47.63,0.36
1400129,Sant`Angelo di Gatteo,0009 GASOLIO,25.03.2025,82.13,L,109.66,0.82
1400129,Sant`Angelo di Gatteo,0009 GASOLIO,25.03.2025,200.06,L,267.13,2.0
1400129,Sant`Angelo di Gatteo,0009 GASOLIO,25.03.2025,92.7,L,123.78,0.93
1400129,Sant`Angelo di Gatteo,0009 GASOLIO,25.03.2025,160.0,L,213.64,1.6
1400129,Sant`Angelo di Gatteo,0009 GASOLIO,25.03.2025,303.67,L,405.48,3.04
1400129,Sant`Angelo di Gatteo,0009 GASOLIO,25.03.2025,42.91,L,57.3,0.43
1400129,Sant`Angelo di Gatteo,0009 GASOLIO,25.03.2025,190.04,L,253.75,1.9
1400129,Sant`Angelo di Gatteo,0009 GASOLIO,25.03.2025,65.69,L,87.71,0.66
1400129,Sant`Angelo di Gatteo,0009 GASOLIO,26.03.2025,92.1,L,122.98,0.92
1400129,Sant`Angelo di Gatteo,0009 GASOLIO,26.03.2025,29.85,L,39.86,0.3
1400129,Sant`Angelo di Gatteo,0009 GASOLIO,26.03.2025,51.75,L,69.1,0.52
1400129,Sant`Angelo di Gatteo,0009 GASOLIO,26.03.2025,33.15,L,44.26,0.33
1400129,Sant`Angelo di Gatteo,0009 GASOLIO,27.03.2025,389.21,L,519.69,3.89
1400129,Sant`Angelo di Gatteo,0009 GASOLIO,27.03.2025,500.0,L,667.62,5.0
1400129,Sant`Angelo di Gatteo,0009 GASOLIO,28.03.2025,41.38,L,54.91,0.41
1400129,Sant`Angelo di Gatteo,0009 GASOLIO,28.03.2025,54.38,L,72.16,0.54
1400129,Sant`Angelo di Gatteo,0009 GASOLIO,28.03.2025,48.8,L,64.76,0.49
1400129,Sant`Angelo di Gatteo,0009 GASOLIO,28.03.2025,33.44,L,44.38,0.33
1400129,Sant`Angelo di Gatteo,0009 GASOLIO,28.03.2025,50.03,L,66.39,0.5
1400129,Sant`Angelo di Gatteo,0009 GASOLIO,28.03.2025,101.92,L,135.25,1.02
1400129,Sant`Angelo di Gatteo,0009 GASOLIO,28.03.2025,46.17,L,61.27,0.46
1400129,Sant`Angelo di Gatteo,0009 GASOLIO,29.03.2025,71.21,L,95.08,0.71
1400129,Sant`Angelo di Gatteo,0009 GASOLIO,29.03.2025,45.74,L,61.07,0.46
1400129,Sant`Angelo di Gatteo,0009 GASOLIO,30.03.2025,47.28,L,63.13,0.47
1400129,Sant`Angelo di Gatteo,0009 GASOLIO,30.03.2025,50.93,L,68.0,0.51
1400129,Sant`Angelo di Gatteo,0009 GASOLIO,31.03.2025,61.52,L,82.15,0.62
1400129,Sant`Angelo di Gatteo,0009 GASOLIO,31.03.2025,37.04,L,49.46,0.37
1400129,Sant`Angelo di Gatteo,0009 GASOLIO,31.03.2025,42.97,L,57.38,0.43
1400129,Sant`Angelo di Gatteo,0009 GASOLIO,31.03.2025,516.74,L,689.98,5.17
1400129,Sant`Angelo di Gatteo,0016 ADBLUE (merce sciolta),16.03.2025,16.6,L,13.59,0.0
1400129,Sant`Angelo di Gatteo,0016 ADBLUE (merce sciolta),20.03.2025,8.77,L,7.18,0.0
1400129,Sant`Angelo di Gatteo,0016 ADBLUE (merce sciolta),23.03.2025,37.04,L,30.33,0.0
1400129,Sant`Angelo di Gatteo,0016 ADBLUE (merce sciolta),24.03.2025,52.57,L,43.05,0.0
1400129,Sant`Angelo di Gatteo,0016 ADBLUE (merce sciolta),25.03.2025,41.01,L,33.58,0.0
1400129,Sant`Angelo di Gatteo,0016 ADBLUE (merce sciolta),25.03.2025,13.21,L,10.82,0.0
1400129,Sant`Angelo di Gatteo,0016 ADBLUE (merce sciolta),25.03.2025,44.71,L,36.61,0.0
1400129,Sant`Angelo di Gatteo,0016 ADBLUE (merce sciolta),25.03.2025,10.38,L,8.5,0.0
1400129,Sant`Angelo di Gatteo,0016 ADBLUE (merce sciolta),27.03.2025,50.09,L,41.02,0.0
1400129,Sant`Angelo di Gatteo,0016 ADBLUE (merce sciolta),27.03.2025,5.84,L,4.78,0.0
1400129,Sant`Angelo di Gatteo,0016 ADBLUE (merce sciolta),28.03.2025,11.7,L,9.58,0.0
1400129,Sant`Angelo di Gatteo,0016 ADBLUE (merce sciolta),29.03.2025,7.41,L,6.07,0.0
1400129,Sant`Angelo di Gatteo,0016 ADBLUE (merce sciolta),30.03.2025,20.88,L,17.1,0.0
1400129,Sant`Angelo di Gatteo,0036 EURO 95 (SUPER),19.03.2025,34.63,L,47.66,0.0
1400129,Sant`Angelo di Gatteo,0036 EURO 95 (SUPER),21.03.2025,27.92,L,38.43,0.0
1400129,Sant`Angelo di Gatteo,0036 EURO 95 (SUPER),22.03.2025,42.76,L,58.5,0.0
1400129,Sant`Angelo di Gatteo,0036 EURO 95 (SUPER),28.03.2025,22.13,L,30.46,0.0
1400129,Sant`Angelo di Gatteo,0036 EURO 95 (SUPER),30.03.2025,35.44,L,48.77,0.0
1401434,Civitanova Marche,0006 GPL (LPG),17.03.2025,42.72,L,26.23,0.43
1401434,Civitanova Marche,0006 GPL (LPG),19.03.2025,26.7,L,16.39,0.27
1401434,Civitanova Marche,0006 GPL (LPG),20.03.2025,45.45,L,27.9,0.45
1401434,Civitanova Marche,0006 GPL (LPG),20.03.2025,13.35,L,8.2,0.13
1401434,Civitanova Marche,0006 GPL (LPG),21.03.2025,27.91,L,17.13,0.28
1401434,Civitanova Marche,0006 GPL (LPG),23.03.2025,26.7,L,16.39,0.27
1401434,Civitanova Marche,0006 GPL (LPG),24.03.2025,26.72,L,16.4,0.28
1401434,Civitanova Marche,0006 GPL (LPG),25.03.2025,13.36,L,8.2,0.14
1401434,Civitanova Marche,0006 GPL (LPG),26.03.2025,13.35,L,8.2,0.13
1401434,Civitanova Marche,0006 GPL (LPG),26.03.2025,24.86,L,15.26,0.25
1401434,Civitanova Marche,0006 GPL (LPG),27.03.2025,13.36,L,8.2,0.14
1401434,Civitanova Marche,0006 GPL (LPG),28.03.2025,29.04,L,17.83,0.29
1401434,Civitanova Marche,0006 GPL (LPG),28.03.2025,33.37,L,20.48,0.33
1401434,Civitanova Marche,0006 GPL (LPG),31.03.2025,20.03,L,12.3,0.2
1401434,Civitanova Marche,0006 GPL (LPG),31.03.2025,13.35,L,8.2,0.13
1401434,Civitanova Marche,0006 GPL (LPG),31.03.2025,21.5,L,13.2,0.22
1401434,Civitanova Marche,0006 GPL (LPG),31.03.2025,13.36,L,8.2,0.14
1401434,Civitanova Marche,0009 GASOLIO,16.03.2025,51.54,L,69.66,0.52
1401434,Civitanova Marche,0009 GASOLIO,16.03.2025,28.51,L,38.53,0.29
1401434,Civitanova Marche,0009 GASOLIO,17.03.2025,27.73,L,37.48,0.28
1401434,Civitanova Marche,0009 GASOLIO,17.03.2025,169.44,L,229.02,1.69
1401434,Civitanova Marche,0009 GASOLIO,17.03.2025,28.73,L,38.84,0.29
1401434,Civitanova Marche,0009 GASOLIO,17.03.2025,57.7,L,77.99,0.58
1401434,Civitanova Marche,0009 GASOLIO,17.03.2025,48.51,L,65.57,0.49
1401434,Civitanova Marche,0009 GASOLIO,17.03.2025,43.96,L,59.42,0.44
1401434,Civitanova Marche,0009 GASOLIO,17.03.2025,400.24,L,540.98,4.0
1401434,Civitanova Marche,0009 GASOLIO,17.03.2025,42.93,L,58.02,0.43
1401434,Civitanova Marche,0009 GASOLIO,17.03.2025,33.69,L,45.53,0.34
1401434,Civitanova Marche,0009 GASOLIO,17.03.2025,38.08,L,51.47,0.38
1401434,Civitanova Marche,0009 GASOLIO,17.03.2025,50.21,L,67.87,0.5
1401434,Civitanova Marche,0009 GASOLIO,17.03.2025,52.61,L,71.11,0.53
1401434,Civitanova Marche,0009 GASOLIO,17.03.2025,31.54,L,42.63,0.32
1401434,Civitanova Marche,0009 GASOLIO,17.03.2025,41.02,L,55.44,0.41
1401434,Civitanova Marche,0009 GASOLIO,17.03.2025,131.76,L,178.09,1.31
1401434,Civitanova Marche,0009 GASOLIO,17.03.2025,449.81,L,607.98,4.5
1401434,Civitanova Marche,0009 GASOLIO,17.03.2025,9.98,L,13.49,0.1
1401434,Civitanova Marche,0009 GASOLIO,17.03.2025,70.06,L,94.7,0.7
1401434,Civitanova Marche,0009 GASOLIO,17.03.2025,58.56,L,79.16,0.59
1401434,Civitanova Marche,0009 GASOLIO,17.03.2025,47.55,L,64.27,0.48
1401434,Civitanova Marche,0009 GASOLIO,17.03.2025,16.97,L,22.93,0.17
1401434,Civitanova Marche,0009 GASOLIO,17.03.2025,59.79,L,80.81,0.6
1401434,Civitanova Marche,0009 GASOLIO,17.03.2025,39.71,L,53.67,0.4
1401434,Civitanova Marche,0009 GASOLIO,17.03.2025,69.19,L,93.52,0.69
1401434,Civitanova Marche,0009 GASOLIO,17.03.2025,53.98,L,72.96,0.54
1401434,Civitanova Marche,0009 GASOLIO,17.03.2025,175.81,L,237.63,1.76
1401434,Civitanova Marche,0009 GASOLIO,17.03.2025,12.13,L,16.39,0.12
1401434,Civitanova Marche,0009 GASOLIO,17.03.2025,72.86,L,98.48,0.73
1401434,Civitanova Marche,0009 GASOLIO,17.03.2025,49.16,L,66.44,0.49
1401434,Civitanova Marche,0009 GASOLIO,17.03.2025,41.84,L,56.55,0.42
1401434,Civitanova Marche,0009 GASOLIO,17.03.2025,68.4,L,92.45,0.68
1401434,Civitanova Marche,0009 GASOLIO,17.03.2025,66.72,L,90.18,0.67
1401434,Civitanova Marche,0009 GASOLIO,17.03.2025,45.73,L,61.81,0.46
1401434,Civitanova Marche,0009 GASOLIO,17.03.2025,70.95,L,95.9,0.71
1401434,Civitanova Marche,0009 GASOLIO,17.03.2025,106.3,L,143.68,1.06
1401434,Civitanova Marche,0009 GASOLIO,17.03.2025,24.33,L,32.89,0.24
1401434,Civitanova Marche,0009 GASOLIO,17.03.2025,72.08,L,111.02,0.72
1401434,Civitanova Marche,0009 GASOLIO,18.03.2025,55.79,L,75.41,0.56
1401434,Civitanova Marche,0009 GASOLIO,18.03.2025,42.32,L,57.2,0.42
1401434,Civitanova Marche,0009 GASOLIO,18.03.2025,78.31,L,105.84,0.78
1401434,Civitanova Marche,0009 GASOLIO,18.03.2025,48.67,L,65.79,0.49
1401434,Civitanova Marche,0009 GASOLIO,18.03.2025,67.81,L,91.66,0.68
1401434,Civitanova Marche,0009 GASOLIO,18.03.2025,126.74,L,171.3,1.27
1401434,Civitanova Marche,0009 GASOLIO,18.03.2025,53.97,L,72.95,0.54
1401434,Civitanova Marche,0009 GASOLIO,18.03.2025,55.63,L,75.19,0.56
1401434,Civitanova Marche,0009 GASOLIO,18.03.2025,229.95,L,310.81,2.3
1401434,Civitanova Marche,0009 GASOLIO,18.03.2025,67.08,L,90.66,0.67
1401434,Civitanova Marche,0009 GASOLIO,18.03.2025,48.38,L,65.39,0.48
1401434,Civitanova Marche,0009 GASOLIO,18.03.2025,44.66,L,60.36,0.45
1401434,Civitanova Marche,0009 GASOLIO,18.03.2025,52.58,L,71.07,0.53
1401434,Civitanova Marche,0009 GASOLIO,18.03.2025,33.83,L,45.73,0.34
1401434,Civitanova Marche,0009 GASOLIO,18.03.2025,41.42,L,55.98,0.41
1401434,Civitanova Marche,0009 GASOLIO,18.03.2025,55.79,L,75.41,0.56
1401434,Civitanova Marche,0009 GASOLIO,18.03.2025,44.31,L,59.89,0.44
1401434,Civitanova Marche,0009 GASOLIO,18.03.2025,18.2,L,24.6,0.18
1401434,Civitanova Marche,0009 GASOLIO,18.03.2025,58.0,L,78.39,0.58
1401434,Civitanova Marche,0009 GASOLIO,18.03.2025,70.19,L,94.87,0.7
1401434,Civitanova Marche,0009 GASOLIO,18.03.2025,36.39,L,49.19,0.36
1401434,Civitanova Marche,0009 GASOLIO,18.03.2025,55.31,L,74.76,0.55
1401434,Civitanova Marche,0009 GASOLIO,18.03.2025,42.47,L,57.4,0.42
1401434,Civitanova Marche,0009 GASOLIO,18.03.2025,36.39,L,49.19,0.36
1401434,Civitanova Marche,0009 GASOLIO,18.03.2025,39.88,L,53.9,0.4
1401434,Civitanova Marche,0009 GASOLIO,18.03.2025,70.57,L,95.39,0.71
1401434,Civitanova Marche,0009 GASOLIO,18.03.2025,45.48,L,61.48,0.45
1401434,Civitanova Marche,0009 GASOLIO,18.03.2025,71.56,L,96.72,0.72
1401434,Civitanova Marche,0009 GASOLIO,18.03.2025,62.37,L,84.3,0.62
1401434,Civitanova Marche,0009 GASOLIO,18.03.2025,30.32,L,40.98,0.3
1401434,Civitanova Marche,0009 GASOLIO,19.03.2025,79.41,L,107.34,0.79
1401434,Civitanova Marche,0009 GASOLIO,19.03.2025,39.42,L,53.28,0.39
1401434,Civitanova Marche,0009 GASOLIO,19.03.2025,60.73,L,82.08,0.61
1401434,Civitanova Marche,0009 GASOLIO,19.03.2025,30.48,L,41.2,0.3
1401434,Civitanova Marche,0009 GASOLIO,19.03.2025,40.0,L,54.07,0.4
1401434,Civitanova Marche,0009 GASOLIO,19.03.2025,12.12,L,16.38,0.12
1401434,Civitanova Marche,0009 GASOLIO,19.03.2025,73.35,L,99.14,0.73
1401434,Civitanova Marche,0009 GASOLIO,19.03.2025,50.06,L,67.66,0.5
1401434,Civitanova Marche,0009 GASOLIO,19.03.2025,66.65,L,90.09,0.67
1401434,Civitanova Marche,0009 GASOLIO,19.03.2025,37.56,L,50.77,0.38
1401434,Civitanova Marche,0009 GASOLIO,19.03.2025,53.49,L,72.3,0.53
1401434,Civitanova Marche,0009 GASOLIO,19.03.2025,53.98,L,72.96,0.54
1401434,Civitanova Marche,0009 GASOLIO,19.03.2025,55.2,L,74.61,0.55
1401434,Civitanova Marche,0009 GASOLIO,19.03.2025,44.27,L,59.84,0.44
1401434,Civitanova Marche,0009 GASOLIO,19.03.2025,113.4,L,153.28,1.13
1401434,Civitanova Marche,0009 GASOLIO,19.03.2025,25.49,L,34.45,0.25
1401434,Civitanova Marche,0009 GASOLIO,19.03.2025,27.27,L,36.86,0.27
1401434,Civitanova Marche,0009 GASOLIO,19.03.2025,200.14,L,270.52,2.0
1401434,Civitanova Marche,0009 GASOLIO,19.03.2025,485.14,L,655.74,4.85
1401434,Civitanova Marche,0009 GASOLIO,19.03.2025,44.0,L,59.48,0.44
1401434,Civitanova Marche,0009 GASOLIO,19.03.2025,88.67,L,119.85,0.89
1401434,Civitanova Marche,0009 GASOLIO,19.03.2025,40.33,L,54.51,0.4
1401434,Civitanova Marche,0009 GASOLIO,19.03.2025,33.4,L,45.15,0.33
1401434,Civitanova Marche,0009 GASOLIO,19.03.2025,56.09,L,75.81,0.56
1401434,Civitanova Marche,0009 GASOLIO,19.03.2025,599.76,L,810.66,6.0
1401434,Civitanova Marche,0009 GASOLIO,19.03.2025,67.64,L,91.43,0.68
1401434,Civitanova Marche,0009 GASOLIO,19.03.2025,26.5,L,35.82,0.27
1401434,Civitanova Marche,0009 GASOLIO,19.03.2025,57.01,L,77.06,0.57
1401434,Civitanova Marche,0009 GASOLIO,19.03.2025,61.25,L,82.79,0.61
1401434,Civitanova Marche,0009 GASOLIO,19.03.2025,109.05,L,147.39,1.09
1401434,Civitanova Marche,0009 GASOLIO,20.03.2025,41.83,L,56.54,0.42
1401434,Civitanova Marche,0009 GASOLIO,20.03.2025,73.19,L,98.93,0.73
1401434,Civitanova Marche,0009 GASOLIO,20.03.2025,60.86,L,82.26,0.61
1401434,Civitanova Marche,0009 GASOLIO,20.03.2025,60.85,L,82.25,0.61
1401434,Civitanova Marche,0009 GASOLIO,20.03.2025,39.54,L,53.44,0.4
1401434,Civitanova Marche,0009 GASOLIO,20.03.2025,228.83,L,309.3,2.29
1401434,Civitanova Marche,0009 GASOLIO,20.03.2025,42.13,L,56.94,0.42
1401434,Civitanova Marche,0009 GASOLIO,20.03.2025,80.66,L,109.02,0.81
1401434,Civitanova Marche,0009 GASOLIO,20.03.2025,71.34,L,96.43,0.71
1401434,Civitanova Marche,0009 GASOLIO,20.03.2025,54.72,L,73.96,0.55
1401434,Civitanova Marche,0009 GASOLIO,20.03.2025,131.6,L,177.88,1.32
1401434,Civitanova Marche,0009 GASOLIO,20.03.2025,56.92,L,76.93,0.57
1401434,Civitanova Marche,0009 GASOLIO,20.03.2025,54.48,L,73.64,0.54
1401434,Civitanova Marche,0009 GASOLIO,20.03.2025,34.77,L,47.0,0.35
1401434,Civitanova Marche,0009 GASOLIO,20.03.2025,21.03,L,28.43,0.21
1401434,Civitanova Marche,0009 GASOLIO,20.03.2025,66.07,L,89.3,0.66
1401434,Civitanova Marche,0009 GASOLIO,20.03.2025,50.91,L,68.81,0.51
1401434,Civitanova Marche,0009 GASOLIO,20.03.2025,9.1,L,12.3,0.09
1401434,Civitanova Marche,0009 GASOLIO,20.03.2025,200.17,L,270.56,2.0
1401434,Civitanova Marche,0009 GASOLIO,20.03.2025,189.85,L,256.61,1.9
1401434,Civitanova Marche,0009 GASOLIO,20.03.2025,14.96,L,20.22,0.15
1401434,Civitanova Marche,0009 GASOLIO,20.03.2025,30.93,L,41.8,0.31
1401434,Civitanova Marche,0009 GASOLIO,20.03.2025,28.96,L,39.15,0.29
1401434,Civitanova Marche,0009 GASOLIO,20.03.2025,63.51,L,85.84,0.64
1401434,Civitanova Marche,0009 GASOLIO,20.03.2025,27.9,L,37.71,0.28
1401434,Civitanova Marche,0009 GASOLIO,20.03.2025,67.55,L,91.3,0.68
1401434,Civitanova Marche,0009 GASOLIO,20.03.2025,48.39,L,65.41,0.48
1401434,Civitanova Marche,0009 GASOLIO,20.03.2025,64.33,L,86.95,0.64
1401434,Civitanova Marche,0009 GASOLIO,20.03.2025,74.97,L,101.34,0.75
1401434,Civitanova Marche,0009 GASOLIO,20.03.2025,77.48,L,104.72,0.77
1401434,Civitanova Marche,0009 GASOLIO,20.03.2025,48.19,L,65.14,0.48
1401434,Civitanova Marche,0009 GASOLIO,20.03.2025,75.66,L,102.26,0.76
1401434,Civitanova Marche,0009 GASOLIO,20.03.2025,94.08,L,127.16,0.94
1401434,Civitanova Marche,0009 GASOLIO,20.03.2025,114.74,L,155.09,1.14
1401434,Civitanova Marche,0009 GASOLIO,21.03.2025,45.23,L,61.13,0.45
1401434,Civitanova Marche,0009 GASOLIO,21.03.2025,6.06,L,8.19,0.06
1401434,Civitanova Marche,0009 GASOLIO,21.03.2025,48.64,L,65.75,0.49
1401434,Civitanova Marche,0009 GASOLIO,21.03.2025,363.25,L,490.98,3.63
1401434,Civitanova Marche,0009 GASOLIO,21.03.2025,15.77,L,21.31,0.16
1401434,Civitanova Marche,0009 GASOLIO,21.03.2025,29.81,L,40.3,0.3
1401434,Civitanova Marche,0009 GASOLIO,21.03.2025,44.84,L,60.61,0.45
1401434,Civitanova Marche,0009 GASOLIO,21.03.2025,121.29,L,163.94,1.21
1401434,Civitanova Marche,0009 GASOLIO,21.03.2025,316.04,L,427.17,3.16
1401434,Civitanova Marche,0009 GASOLIO,21.03.2025,6.06,L,8.19,0.06
1401434,Civitanova Marche,0009 GASOLIO,21.03.2025,42.45,L,57.38,0.42
1401434,Civitanova Marche,0009 GASOLIO,21.03.2025,71.8,L,97.05,0.72
1401434,Civitanova Marche,0009 GASOLIO,21.03.2025,40.85,L,55.21,0.41
1401434,Civitanova Marche,0009 GASOLIO,21.03.2025,77.27,L,104.44,0.77
1401434,Civitanova Marche,0009 GASOLIO,21.03.2025,54.59,L,73.79,0.55
1401434,Civitanova Marche,0009 GASOLIO,21.03.2025,63.38,L,85.66,0.63
1401434,Civitanova Marche,0009 GASOLIO,21.03.2025,58.79,L,79.46,0.59
1401434,Civitanova Marche,0009 GASOLIO,21.03.2025,62.22,L,84.1,0.62
1401434,Civitanova Marche,0009 GASOLIO,21.03.2025,46.79,L,63.25,0.47
1401434,Civitanova Marche,0009 GASOLIO,21.03.2025,46.93,L,63.43,0.47
1401434,Civitanova Marche,0009 GASOLIO,21.03.2025,61.29,L,82.84,0.61
1401434,Civitanova Marche,0009 GASOLIO,22.03.2025,315.34,L,426.23,3.15
1401434,Civitanova Marche,0009 GASOLIO,22.03.2025,290.75,L,392.99,2.91
1401434,Civitanova Marche,0009 GASOLIO,23.03.2025,62.62,L,84.64,0.63
1401434,Civitanova Marche,0009 GASOLIO,24.03.2025,134.41,L,181.67,1.35
1401434,Civitanova Marche,0009 GASOLIO,24.03.2025,51.27,L,69.3,0.51
1401434,Civitanova Marche,0009 GASOLIO,24.03.2025,47.54,L,64.25,0.48
1401434,Civitanova Marche,0009 GASOLIO,24.03.2025,59.16,L,79.96,0.59
1401434,Civitanova Marche,0009 GASOLIO,24.03.2025,60.18,L,81.34,0.6
1401434,Civitanova Marche,0009 GASOLIO,24.03.2025,54.86,L,74.15,0.55
1401434,Civitanova Marche,0009 GASOLIO,24.03.2025,32.75,L,44.26,0.33
1401434,Civitanova Marche,0009 GASOLIO,24.03.2025,64.28,L,86.89,0.64
1401434,Civitanova Marche,0009 GASOLIO,24.03.2025,33.96,L,45.9,0.34
1401434,Civitanova Marche,0009 GASOLIO,24.03.2025,44.51,L,60.16,0.45
1401434,Civitanova Marche,0009 GASOLIO,24.03.2025,80.0,L,108.13,0.8
1401434,Civitanova Marche,0009 GASOLIO,24.03.2025,6.06,L,8.19,0.06
1401434,Civitanova Marche,0009 GASOLIO,24.03.2025,301.15,L,407.05,3.01
1401434,Civitanova Marche,0009 GASOLIO,24.03.2025,36.41,L,49.21,0.36
1401434,Civitanova Marche,0009 GASOLIO,24.03.2025,59.06,L,79.83,0.59
1401434,Civitanova Marche,0009 GASOLIO,24.03.2025,67.92,L,91.8,0.68
1401434,Civitanova Marche,0009 GASOLIO,24.03.2025,40.83,L,55.19,0.41
1401434,Civitanova Marche,0009 GASOLIO,24.03.2025,406.56,L,549.52,4.07
1401434,Civitanova Marche,0009 GASOLIO,24.03.2025,9.1,L,12.3,0.09
1401434,Civitanova Marche,0009 GASOLIO,24.03.2025,45.04,L,60.88,0.45
1401434,Civitanova Marche,0009 GASOLIO,24.03.2025,80.28,L,108.51,0.8
1401434,Civitanova Marche,0009 GASOLIO,24.03.2025,43.35,L,58.59,0.43
1401434,Civitanova Marche,0009 GASOLIO,24.03.2025,72.95,L,98.6,0.73
1401434,Civitanova Marche,0009 GASOLIO,24.03.2025,58.67,L,79.3,0.59
1401434,Civitanova Marche,0009 GASOLIO,24.03.2025,17.04,L,23.03,0.17
1401434,Civitanova Marche,0009 GASOLIO,24.03.2025,63.27,L,85.52,0.63
1401434,Civitanova Marche,0009 GASOLIO,24.03.2025,23.66,L,31.98,0.24
1401434,Civitanova Marche,0009 GASOLIO,24.03.2025,59.37,L,80.25,0.59
1401434,Civitanova Marche,0009 GASOLIO,24.03.2025,60.67,L,82.0,0.61
1401434,Civitanova Marche,0009 GASOLIO,24.03.2025,33.08,L,44.71,0.33
1401434,Civitanova Marche,0009 GASOLIO,24.03.2025,63.68,L,86.07,0.64
1401434,Civitanova Marche,0009 GASOLIO,24.03.2025,114.61,L,154.91,1.15
1401434,Civitanova Marche,0009 GASOLIO,24.03.2025,174.51,L,235.88,1.75
1401434,Civitanova Marche,0009 GASOLIO,24.03.2025,53.73,L,72.62,0.54
1401434,Civitanova Marche,0009 GASOLIO,24.03.2025,54.77,L,74.03,0.55
1401434,Civitanova Marche,0009 GASOLIO,24.03.2025,7.91,L,10.69,0.08
1401434,Civitanova Marche,0009 GASOLIO,24.03.2025,42.6,L,57.58,0.43
1401434,Civitanova Marche,0009 GASOLIO,24.03.2025,57.84,L,78.18,0.58
1401434,Civitanova Marche,0009 GASOLIO,24.03.2025,159.66,L,245.9,1.6
1401434,Civitanova Marche,0009 GASOLIO,25.03.2025,49.75,L,66.84,0.5
1401434,Civitanova Marche,0009 GASOLIO,25.03.2025,18.33,L,24.62,0.18
1401434,Civitanova Marche,0009 GASOLIO,25.03.2025,60.12,L,80.77,0.6
1401434,Civitanova Marche,0009 GASOLIO,25.03.2025,105.54,L,141.79,1.06
1401434,Civitanova Marche,0009 GASOLIO,25.03.2025,74.12,L,99.57,0.74
1401434,Civitanova Marche,0009 GASOLIO,25.03.2025,9.15,L,12.3,0.09
1401434,Civitanova Marche,0009 GASOLIO,25.03.2025,42.71,L,57.38,0.43
1401434,Civitanova Marche,0009 GASOLIO,25.03.2025,57.15,L,76.78,0.57
1401434,Civitanova Marche,0009 GASOLIO,25.03.2025,33.84,L,45.46,0.34
1401434,Civitanova Marche,0009 GASOLIO,25.03.2025,58.62,L,78.75,0.59
1401434,Civitanova Marche,0009 GASOLIO,25.03.2025,43.92,L,59.0,0.44
1401434,Civitanova Marche,0009 GASOLIO,25.03.2025,92.55,L,124.34,0.93
1401434,Civitanova Marche,0009 GASOLIO,25.03.2025,55.56,L,74.64,0.56
1401434,Civitanova Marche,0009 GASOLIO,25.03.2025,64.41,L,86.53,0.64
1401434,Civitanova Marche,0009 GASOLIO,25.03.2025,43.15,L,57.97,0.43
1401434,Civitanova Marche,0009 GASOLIO,25.03.2025,44.74,L,60.11,0.45
1401434,Civitanova Marche,0009 GASOLIO,25.03.2025,64.91,L,87.2,0.65
1401434,Civitanova Marche,0009 GASOLIO,25.03.2025,67.64,L,90.87,0.68
1401434,Civitanova Marche,0009 GASOLIO,25.03.2025,46.53,L,62.51,0.47
1401434,Civitanova Marche,0009 GASOLIO,25.03.2025,32.03,L,43.03,0.32
1401434,Civitanova Marche,0009 GASOLIO,25.03.2025,119.76,L,160.9,1.2
1401434,Civitanova Marche,0009 GASOLIO,25.03.2025,47.28,L,63.52,0.47
1401434,Civitanova Marche,0009 GASOLIO,25.03.2025,132.95,L,178.62,1.33
1401434,Civitanova Marche,0009 GASOLIO,25.03.2025,99.07,L,133.1,0.99
1401434,Civitanova Marche,0009 GASOLIO,25.03.2025,45.36,L,60.94,0.45
1401434,Civitanova Marche,0009 GASOLIO,25.03.2025,63.18,L,84.88,0.63
1401434,Civitanova Marche,0009 GASOLIO,25.03.2025,79.25,L,106.47,0.79
1401434,Civitanova Marche,0009 GASOLIO,25.03.2025,56.14,L,75.42,0.56
1401434,Civitanova Marche,0009 GASOLIO,25.03.2025,220.45,L,296.16,2.2
1401434,Civitanova Marche,0009 GASOLIO,25.03.2025,52.06,L,69.94,0.52
1401434,Civitanova Marche,0009 GASOLIO,25.03.2025,57.67,L,77.48,0.58
1401434,Civitanova Marche,0009 GASOLIO,25.03.2025,67.42,L,90.57,0.67
1401434,Civitanova Marche,0009 GASOLIO,25.03.2025,51.36,L,78.68,0.51
1401434,Civitanova Marche,0009 GASOLIO,26.03.2025,120.04,L,160.29,1.2
1401434,Civitanova Marche,0009 GASOLIO,26.03.2025,332.42,L,443.86,3.32
1401434,Civitanova Marche,0009 GASOLIO,26.03.2025,66.37,L,89.16,0.66
1401434,Civitanova Marche,0009 GASOLIO,26.03.2025,43.45,L,58.37,0.43
1401434,Civitanova Marche,0009 GASOLIO,26.03.2025,164.74,L,221.32,1.65
1401434,Civitanova Marche,0009 GASOLIO,26.03.2025,79.4,L,106.67,0.79
1401434,Civitanova Marche,0009 GASOLIO,26.03.2025,56.28,L,75.61,0.56
1401434,Civitanova Marche,0009 GASOLIO,26.03.2025,47.16,L,63.36,0.47
1401434,Civitanova Marche,0009 GASOLIO,26.03.2025,6.1,L,8.2,0.06
1401434,Civitanova Marche,0009 GASOLIO,26.03.2025,676.26,L,908.51,6.76
1401434,Civitanova Marche,0009 GASOLIO,26.03.2025,37.82,L,50.81,0.38
1401434,Civitanova Marche,0009 GASOLIO,26.03.2025,80.54,L,108.2,0.81
1401434,Civitanova Marche,0009 GASOLIO,26.03.2025,76.53,L,102.81,0.77
1401434,Civitanova Marche,0009 GASOLIO,26.03.2025,60.19,L,80.86,0.6
1401434,Civitanova Marche,0009 GASOLIO,26.03.2025,75.98,L,102.07,0.76
1401434,Civitanova Marche,0009 GASOLIO,26.03.2025,118.81,L,159.61,1.18
1401434,Civitanova Marche,0009 GASOLIO,26.03.2025,42.76,L,57.44,0.43
1401434,Civitanova Marche,0009 GASOLIO,26.03.2025,30.51,L,40.99,0.31
1401434,Civitanova Marche,0009 GASOLIO,26.03.2025,324.59,L,436.07,3.25
1401434,Civitanova Marche,0009 GASOLIO,26.03.2025,38.83,L,52.16,0.39
1401434,Civitanova Marche,0009 GASOLIO,26.03.2025,48.71,L,65.44,0.49
1401434,Civitanova Marche,0009 GASOLIO,26.03.2025,268.87,L,361.21,2.69
1401434,Civitanova Marche,0009 GASOLIO,26.03.2025,78.1,L,104.93,0.78
1401434,Civitanova Marche,0009 GASOLIO,26.03.2025,6.1,L,8.2,0.06
1401434,Civitanova Marche,0009 GASOLIO,26.03.2025,152.55,L,204.94,1.53
1401434,Civitanova Marche,0009 GASOLIO,26.03.2025,32.3,L,43.39,0.32
1401434,Civitanova Marche,0009 GASOLIO,26.03.2025,25.85,L,34.73,0.26
1401434,Civitanova Marche,0009 GASOLIO,26.03.2025,36.0,L,48.36,0.36
1401434,Civitanova Marche,0009 GASOLIO,26.03.2025,79.54,L,106.86,0.8
1401434,Civitanova Marche,0009 GASOLIO,26.03.2025,142.16,L,190.98,1.42
1401434,Civitanova Marche,0009 GASOLIO,27.03.2025,40.52,L,54.11,0.41
1401434,Civitanova Marche,0009 GASOLIO,27.03.2025,64.03,L,85.49,0.64
1401434,Civitanova Marche,0009 GASOLIO,27.03.2025,162.68,L,217.22,1.63
1401434,Civitanova Marche,0009 GASOLIO,27.03.2025,65.14,L,86.98,0.65
1401434,Civitanova Marche,0009 GASOLIO,27.03.2025,67.65,L,90.33,0.68
1401434,Civitanova Marche,0009 GASOLIO,27.03.2025,36.83,L,49.18,0.37
1401434,Civitanova Marche,0009 GASOLIO,27.03.2025,97.67,L,130.41,0.98
1401434,Civitanova Marche,0009 GASOLIO,27.03.2025,69.99,L,93.45,0.7
1401434,Civitanova Marche,0009 GASOLIO,27.03.2025,53.8,L,71.84,0.54
1401434,Civitanova Marche,0009 GASOLIO,27.03.2025,49.12,L,65.59,0.49
1401434,Civitanova Marche,0009 GASOLIO,27.03.2025,13.53,L,18.07,0.14
1401434,Civitanova Marche,0009 GASOLIO,27.03.2025,50.17,L,66.99,0.5
1401434,Civitanova Marche,0009 GASOLIO,27.03.2025,38.18,L,50.98,0.38
1401434,Civitanova Marche,0009 GASOLIO,27.03.2025,66.6,L,88.93,0.67
1401434,Civitanova Marche,0009 GASOLIO,27.03.2025,67.88,L,90.64,0.68
1401434,Civitanova Marche,0009 GASOLIO,27.03.2025,47.27,L,63.11,0.47
1401434,Civitanova Marche,0009 GASOLIO,27.03.2025,51.67,L,68.99,0.52
1401434,Civitanova Marche,0009 GASOLIO,27.03.2025,44.9,L,59.95,0.45
1401434,Civitanova Marche,0009 GASOLIO,27.03.2025,60.0,L,80.11,0.6
1401434,Civitanova Marche,0009 GASOLIO,27.03.2025,29.97,L,40.02,0.3
1401434,Civitanova Marche,0009 GASOLIO,27.03.2025,44.66,L,59.63,0.45
1401434,Civitanova Marche,0009 GASOLIO,28.03.2025,78.56,L,104.89,0.79
1401434,Civitanova Marche,0009 GASOLIO,28.03.2025,169.58,L,226.43,1.7
1401434,Civitanova Marche,0009 GASOLIO,28.03.2025,156.98,L,209.61,1.57
1401434,Civitanova Marche,0009 GASOLIO,28.03.2025,117.0,L,156.22,1.17
1401434,Civitanova Marche,0009 GASOLIO,28.03.2025,39.19,L,52.33,0.39
1401434,Civitanova Marche,0009 GASOLIO,28.03.2025,39.9,L,53.28,0.4
1401434,Civitanova Marche,0009 GASOLIO,28.03.2025,47.8,L,63.83,0.48
1401434,Civitanova Marche,0009 GASOLIO,28.03.2025,45.14,L,60.27,0.45
1401434,Civitanova Marche,0009 GASOLIO,28.03.2025,57.81,L,77.19,0.58
1401434,Civitanova Marche,0009 GASOLIO,28.03.2025,68.15,L,91.0,0.68
1401434,Civitanova Marche,0009 GASOLIO,28.03.2025,73.06,L,97.55,0.73
1401434,Civitanova Marche,0009 GASOLIO,28.03.2025,64.1,L,85.59,0.64
1401434,Civitanova Marche,0009 GASOLIO,28.03.2025,53.41,L,71.31,0.53
1401434,Civitanova Marche,0009 GASOLIO,28.03.2025,52.79,L,70.48,0.53
1401434,Civitanova Marche,0009 GASOLIO,28.03.2025,36.83,L,49.18,0.37
1401434,Civitanova Marche,0009 GASOLIO,28.03.2025,60.76,L,81.13,0.61
1401434,Civitanova Marche,0009 GASOLIO,28.03.2025,67.04,L,89.52,0.67
1401434,Civitanova Marche,0009 GASOLIO,28.03.2025,64.29,L,85.84,0.64
1401434,Civitanova Marche,0009 GASOLIO,28.03.2025,83.14,L,111.02,0.83
1401434,Civitanova Marche,0009 GASOLIO,28.03.2025,104.71,L,139.81,1.05
1401434,Civitanova Marche,0009 GASOLIO,28.03.2025,23.91,L,31.93,0.24
1401434,Civitanova Marche,0009 GASOLIO,28.03.2025,6.14,L,8.2,0.06
1401434,Civitanova Marche,0009 GASOLIO,28.03.2025,23.68,L,31.61,0.24
1401434,Civitanova Marche,0009 GASOLIO,28.03.2025,67.53,L,90.17,0.68
1401434,Civitanova Marche,0009 GASOLIO,28.03.2025,75.51,L,100.83,0.76
1401434,Civitanova Marche,0009 GASOLIO,28.03.2025,73.33,L,97.91,0.73
1401434,Civitanova Marche,0009 GASOLIO,28.03.2025,47.89,L,63.94,0.48
1401434,Civitanova Marche,0009 GASOLIO,28.03.2025,73.44,L,98.06,0.73
1401434,Civitanova Marche,0009 GASOLIO,28.03.2025,214.86,L,286.89,2.15
1401434,Civitanova Marche,0009 GASOLIO,29.03.2025,46.51,L,62.1,0.47
1401434,Civitanova Marche,0009 GASOLIO,29.03.2025,37.57,L,50.16,0.38
1401434,Civitanova Marche,0009 GASOLIO,29.03.2025,22.01,L,29.39,0.22
1401434,Civitanova Marche,0009 GASOLIO,29.03.2025,49.63,L,66.27,0.5
1401434,Civitanova Marche,0009 GASOLIO,29.03.2025,585.05,L,781.19,5.85
1401434,Civitanova Marche,0009 GASOLIO,31.03.2025,37.26,L,49.75,0.37
1401434,Civitanova Marche,0009 GASOLIO,31.03.2025,109.71,L,146.49,1.1
1401434,Civitanova Marche,0009 GASOLIO,31.03.2025,180.91,L,241.56,1.81
1401434,Civitanova Marche,0009 GASOLIO,31.03.2025,71.44,L,95.39,0.71
1401434,Civitanova Marche,0009 GASOLIO,31.03.2025,80.15,L,107.02,0.8
1401434,Civitanova Marche,0009 GASOLIO,31.03.2025,94.31,L,125.93,0.94
1401434,Civitanova Marche,0009 GASOLIO,31.03.2025,69.37,L,92.62,0.69
1401434,Civitanova Marche,0009 GASOLIO,31.03.2025,199.7,L,266.65,2.0
1401434,Civitanova Marche,0009 GASOLIO,31.03.2025,21.49,L,28.7,0.21
1401434,Civitanova Marche,0009 GASOLIO,31.03.2025,93.82,L,125.27,0.93
1401434,Civitanova Marche,0009 GASOLIO,31.03.2025,63.29,L,84.51,0.63
1401434,Civitanova Marche,0009 GASOLIO,31.03.2025,54.2,L,72.37,0.54
1401434,Civitanova Marche,0009 GASOLIO,31.03.2025,38.55,L,51.48,0.39
1401434,Civitanova Marche,0009 GASOLIO,31.03.2025,64.09,L,85.57,0.64
1401434,Civitanova Marche,0009 GASOLIO,31.03.2025,51.59,L,68.89,0.52
1401434,Civitanova Marche,0009 GASOLIO,31.03.2025,67.84,L,90.58,0.68
1401434,Civitanova Marche,0009 GASOLIO,31.03.2025,71.29,L,95.19,0.71
1401434,Civitanova Marche,0009 GASOLIO,31.03.2025,66.91,L,89.34,0.67
1401434,Civitanova Marche,0009 GASOLIO,31.03.2025,53.41,L,71.31,0.53
1401434,Civitanova Marche,0009 GASOLIO,31.03.2025,39.0,L,52.07,0.39
1401434,Civitanova Marche,0009 GASOLIO,31.03.2025,57.39,L,76.63,0.57
1401434,Civitanova Marche,0009 GASOLIO,31.03.2025,26.37,L,35.21,0.26
1401434,Civitanova Marche,0009 GASOLIO,31.03.2025,70.63,L,94.31,0.71
1401434,Civitanova Marche,0009 GASOLIO,31.03.2025,41.75,L,55.75,0.42
1401434,Civitanova Marche,0009 GASOLIO,31.03.2025,45.69,L,61.01,0.46
1401434,Civitanova Marche,0009 GASOLIO,31.03.2025,59.68,L,79.69,0.6
1401434,Civitanova Marche,0009 GASOLIO,31.03.2025,28.86,L,38.53,0.29
1401434,Civitanova Marche,0009 GASOLIO,31.03.2025,29.59,L,45.09,0.3
1401434,Civitanova Marche,0013 Gas naturale (GNC),17.03.2025,33.48,KG,40.04,1.67
1401434,Civitanova Marche,0013 Gas naturale (GNC),17.03.2025,9.95,KG,11.9,0.5
1401434,Civitanova Marche,0013 Gas naturale (GNC),18.03.2025,13.67,KG,16.34,0.68
1401434,Civitanova Marche,0013 Gas naturale (GNC),18.03.2025,23.12,KG,27.65,1.16
1401434,Civitanova Marche,0013 Gas naturale (GNC),19.03.2025,13.63,KG,16.3,0.68
1401434,Civitanova Marche,0013 Gas naturale (GNC),19.03.2025,13.25,KG,15.84,0.66
1401434,Civitanova Marche,0013 Gas naturale (GNC),20.03.2025,26.66,KG,31.89,1.33
1401434,Civitanova Marche,0013 Gas naturale (GNC),20.03.2025,13.62,KG,16.29,0.68
1401434,Civitanova Marche,0013 Gas naturale (GNC),20.03.2025,16.02,KG,19.16,0.8
1401434,Civitanova Marche,0013 Gas naturale (GNC),21.03.2025,15.73,KG,18.81,0.79
1401434,Civitanova Marche,0013 Gas naturale (GNC),23.03.2025,11.46,KG,13.7,0.57
1401434,Civitanova Marche,0013 Gas naturale (GNC),24.03.2025,13.07,KG,15.63,0.65
1401434,Civitanova Marche,0013 Gas naturale (GNC),24.03.2025,37.22,KG,44.51,1.86
1401434,Civitanova Marche,0013 Gas naturale (GNC),24.03.2025,14.85,KG,17.76,0.74
1401434,Civitanova Marche,0013 Gas naturale (GNC),25.03.2025,16.89,KG,20.2,0.84
1401434,Civitanova Marche,0013 Gas naturale (GNC),26.03.2025,16.57,KG,19.82,0.83
1401434,Civitanova Marche,0013 Gas naturale (GNC),26.03.2025,27.18,KG,32.51,1.36
1401434,Civitanova Marche,0013 Gas naturale (GNC),26.03.2025,27.3,KG,32.65,1.37
1401434,Civitanova Marche,0013 Gas naturale (GNC),27.03.2025,10.91,KG,13.05,0.55
1401434,Civitanova Marche,0013 Gas naturale (GNC),27.03.2025,26.33,KG,31.49,1.32
1401434,Civitanova Marche,0013 Gas naturale (GNC),27.03.2025,12.85,KG,15.37,0.64
1401434,Civitanova Marche,0013 Gas naturale (GNC),27.03.2025,16.92,KG,20.24,0.85
1401434,Civitanova Marche,0013 Gas naturale (GNC),28.03.2025,31.75,KG,37.97,1.59
1401434,Civitanova Marche,0013 Gas naturale (GNC),28.03.2025,14.23,KG,17.02,0.71
1401434,Civitanova Marche,0013 Gas naturale (GNC),31.03.2025,10.97,KG,13.12,0.55
1401434,Civitanova Marche,0013 Gas naturale (GNC),31.03.2025,31.45,KG,37.61,1.57
1401434,Civitanova Marche,0013 Gas naturale (GNC),31.03.2025,15.06,KG,18.01,0.75
1401434,Civitanova Marche,0013 Gas naturale (GNC),31.03.2025,14.37,KG,17.19,0.72
1401434,Civitanova Marche,0016 ADBLUE (merce sciolta),17.03.2025,11.02,L,9.02,0.0
1401434,Civitanova Marche,0016 ADBLUE (merce sciolta),17.03.2025,11.33,L,9.28,0.0
1401434,Civitanova Marche,0016 ADBLUE (merce sciolta),17.03.2025,11.01,L,9.02,0.0
1401434,Civitanova Marche,0016 ADBLUE (merce sciolta),18.03.2025,14.2,L,11.63,0.0
1401434,Civitanova Marche,0016 ADBLUE (merce sciolta),18.03.2025,0.67,L,0.55,0.0
1401434,Civitanova Marche,0016 ADBLUE (merce sciolta),18.03.2025,8.62,L,7.06,0.0
1401434,Civitanova Marche,0016 ADBLUE (merce sciolta),18.03.2025,9.42,L,7.71,0.0
1401434,Civitanova Marche,0016 ADBLUE (merce sciolta),19.03.2025,10.01,L,8.2,0.0
1401434,Civitanova Marche,0016 ADBLUE (merce sciolta),19.03.2025,22.53,L,18.45,0.0
1401434,Civitanova Marche,0016 ADBLUE (merce sciolta),19.03.2025,11.2,L,9.17,0.0
1401434,Civitanova Marche,0016 ADBLUE (merce sciolta),19.03.2025,48.1,L,39.39,0.0
1401434,Civitanova Marche,0016 ADBLUE (merce sciolta),19.03.2025,11.53,L,9.44,0.0
1401434,Civitanova Marche,0016 ADBLUE (merce sciolta),19.03.2025,1.9,L,1.56,0.0
1401434,Civitanova Marche,0016 ADBLUE (merce sciolta),19.03.2025,9.22,L,7.55,0.0
1401434,Civitanova Marche,0016 ADBLUE (merce sciolta),20.03.2025,15.49,L,12.68,0.0
1401434,Civitanova Marche,0016 ADBLUE (merce sciolta),21.03.2025,7.02,L,5.75,0.0
1401434,Civitanova Marche,0016 ADBLUE (merce sciolta),21.03.2025,8.91,L,7.3,0.0
1401434,Civitanova Marche,0016 ADBLUE (merce sciolta),21.03.2025,13.05,L,10.69,0.0
1401434,Civitanova Marche,0016 ADBLUE (merce sciolta),21.03.2025,7.05,L,5.77,0.0
1401434,Civitanova Marche,0016 ADBLUE (merce sciolta),21.03.2025,37.04,L,30.33,0.0
1401434,Civitanova Marche,0016 ADBLUE (merce sciolta),22.03.2025,30.03,L,24.59,0.0
1401434,Civitanova Marche,0016 ADBLUE (merce sciolta),24.03.2025,11.14,L,9.12,0.0
1401434,Civitanova Marche,0016 ADBLUE (merce sciolta),24.03.2025,10.12,L,8.29,0.0
1401434,Civitanova Marche,0016 ADBLUE (merce sciolta),24.03.2025,8.98,L,7.35,0.0
1401434,Civitanova Marche,0016 ADBLUE (merce sciolta),24.03.2025,11.41,L,9.34,0.0
1401434,Civitanova Marche,0016 ADBLUE (merce sciolta),25.03.2025,16.38,L,13.41,0.0
1401434,Civitanova Marche,0016 ADBLUE (merce sciolta),25.03.2025,17.19,L,14.07,0.0
1401434,Civitanova Marche,0016 ADBLUE (merce sciolta),25.03.2025,11.01,L,9.02,0.0
1401434,Civitanova Marche,0016 ADBLUE (merce sciolta),25.03.2025,14.51,L,11.89,0.0
1401434,Civitanova Marche,0016 ADBLUE (merce sciolta),25.03.2025,1.58,L,1.3,0.0
1401434,Civitanova Marche,0016 ADBLUE (merce sciolta),25.03.2025,1.53,L,1.25,0.0
1401434,Civitanova Marche,0016 ADBLUE (merce sciolta),25.03.2025,9.06,L,7.42,0.0
1401434,Civitanova Marche,0016 ADBLUE (merce sciolta),26.03.2025,10.24,L,8.39,0.0
1401434,Civitanova Marche,0016 ADBLUE (merce sciolta),26.03.2025,8.2,L,6.71,0.0
1401434,Civitanova Marche,0016 ADBLUE (merce sciolta),27.03.2025,11.02,L,9.02,0.0
1401434,Civitanova Marche,0016 ADBLUE (merce sciolta),27.03.2025,9.42,L,7.71,0.0
1401434,Civitanova Marche,0016 ADBLUE (merce sciolta),27.03.2025,11.01,L,9.02,0.0
1401434,Civitanova Marche,0016 ADBLUE (merce sciolta),28.03.2025,13.32,L,10.91,0.0
1401434,Civitanova Marche,0016 ADBLUE (merce sciolta),28.03.2025,20.01,L,16.39,0.0
1401434,Civitanova Marche,0016 ADBLUE (merce sciolta),28.03.2025,21.31,L,17.45,0.0
1401434,Civitanova Marche,0016 ADBLUE (merce sciolta),30.03.2025,12.31,L,10.08,0.0
1401434,Civitanova Marche,0016 ADBLUE (merce sciolta),31.03.2025,12.01,L,9.84,0.0
1401434,Civitanova Marche,0016 ADBLUE (merce sciolta),31.03.2025,10.27,L,8.41,0.0
1401434,Civitanova Marche,0016 ADBLUE (merce sciolta),31.03.2025,9.97,L,8.16,0.0
1401434,Civitanova Marche,0016 ADBLUE (merce sciolta),31.03.2025,1.89,L,1.55,0.0
1401434,Civitanova Marche,0036 EURO 95 (SUPER),16.03.2025,29.1,L,40.76,0.0
1401434,Civitanova Marche,0036 EURO 95 (SUPER),17.03.2025,10.53,L,14.75,0.0
1401434,Civitanova Marche,0036 EURO 95 (SUPER),17.03.2025,12.88,L,18.04,0.0
1401434,Civitanova Marche,0036 EURO 95 (SUPER),17.03.2025,26.36,L,36.93,0.0
1401434,Civitanova Marche,0036 EURO 95 (SUPER),17.03.2025,39.82,L,55.78,0.0
1401434,Civitanova Marche,0036 EURO 95 (SUPER),17.03.2025,35.11,L,49.18,0.0
1401434,Civitanova Marche,0036 EURO 95 (SUPER),17.03.2025,26.33,L,36.89,0.0
1401434,Civitanova Marche,0036 EURO 95 (SUPER),18.03.2025,58.37,L,81.29,0.0
1401434,Civitanova Marche,0036 EURO 95 (SUPER),18.03.2025,8.83,L,12.3,0.0
1401434,Civitanova Marche,0036 EURO 95 (SUPER),18.03.2025,8.83,L,12.3,0.0
1401434,Civitanova Marche,0036 EURO 95 (SUPER),18.03.2025,32.61,L,45.41,0.0
1401434,Civitanova Marche,0036 EURO 95 (SUPER),18.03.2025,31.6,L,44.01,0.0
1401434,Civitanova Marche,0036 EURO 95 (SUPER),18.03.2025,29.46,L,41.02,0.0
1401434,Civitanova Marche,0036 EURO 95 (SUPER),18.03.2025,5.89,L,8.2,0.0
1401434,Civitanova Marche,0036 EURO 95 (SUPER),18.03.2025,16.17,L,22.52,0.0
1401434,Civitanova Marche,0036 EURO 95 (SUPER),19.03.2025,13.62,L,18.85,0.0
1401434,Civitanova Marche,0036 EURO 95 (SUPER),19.03.2025,8.83,L,12.3,0.0
1401434,Civitanova Marche,0036 EURO 95 (SUPER),19.03.2025,7.85,L,10.93,0.0
1401434,Civitanova Marche,0036 EURO 95 (SUPER),19.03.2025,5.89,L,8.2,0.0
1401434,Civitanova Marche,0036 EURO 95 (SUPER),19.03.2025,11.83,L,16.48,0.0
1401434,Civitanova Marche,0036 EURO 95 (SUPER),19.03.2025,26.78,L,37.3,0.0
1401434,Civitanova Marche,0036 EURO 95 (SUPER),19.03.2025,5.18,L,8.19,0.0
1401434,Civitanova Marche,0036 EURO 95 (SUPER),20.03.2025,8.86,L,12.26,0.0
1401434,Civitanova Marche,0036 EURO 95 (SUPER),20.03.2025,13.62,L,18.85,0.0
1401434,Civitanova Marche,0036 EURO 95 (SUPER),20.03.2025,8.9,L,12.32,0.0
1401434,Civitanova Marche,0036 EURO 95 (SUPER),20.03.2025,43.96,L,60.86,0.0
1401434,Civitanova Marche,0036 EURO 95 (SUPER),20.03.2025,24.87,L,34.43,0.0
1401434,Civitanova Marche,0036 EURO 95 (SUPER),20.03.2025,17.76,L,24.59,0.0
1401434,Civitanova Marche,0036 EURO 95 (SUPER),20.03.2025,17.76,L,24.59,0.0
1401434,Civitanova Marche,0036 EURO 95 (SUPER),20.03.2025,55.95,L,77.46,0.0
1401434,Civitanova Marche,0036 EURO 95 (SUPER),20.03.2025,5.92,L,8.2,0.0
1401434,Civitanova Marche,0036 EURO 95 (SUPER),21.03.2025,32.29,L,44.7,0.0
1401434,Civitanova Marche,0036 EURO 95 (SUPER),21.03.2025,11.85,L,16.4,0.0
1401434,Civitanova Marche,0036 EURO 95 (SUPER),21.03.2025,25.69,L,35.57,0.0
1401434,Civitanova Marche,0036 EURO 95 (SUPER),21.03.2025,12.05,L,16.68,0.0
1401434,Civitanova Marche,0036 EURO 95 (SUPER),21.03.2025,10.74,L,14.87,0.0
1401434,Civitanova Marche,0036 EURO 95 (SUPER),21.03.2025,15.99,L,22.14,0.0
1401434,Civitanova Marche,0036 EURO 95 (SUPER),21.03.2025,7.11,L,9.84,0.0
1401434,Civitanova Marche,0036 EURO 95 (SUPER),21.03.2025,5.21,L,8.2,0.0
1401434,Civitanova Marche,0036 EURO 95 (SUPER),22.03.2025,25.46,L,35.25,0.0
1401434,Civitanova Marche,0036 EURO 95 (SUPER),22.03.2025,70.54,L,97.66,0.0
1401434,Civitanova Marche,0036 EURO 95 (SUPER),22.03.2025,25.79,L,35.7,0.0
1401434,Civitanova Marche,0036 EURO 95 (SUPER),22.03.2025,11.84,L,16.39,0.0
1401434,Civitanova Marche,0036 EURO 95 (SUPER),22.03.2025,2.96,L,4.1,0.0
1401434,Civitanova Marche,0036 EURO 95 (SUPER),23.03.2025,8.88,L,12.3,0.0
1401434,Civitanova Marche,0036 EURO 95 (SUPER),23.03.2025,41.45,L,57.39,0.0
1401434,Civitanova Marche,0036 EURO 95 (SUPER),23.03.2025,23.15,L,32.05,0.0
1401434,Civitanova Marche,0036 EURO 95 (SUPER),24.03.2025,8.88,L,12.3,0.0
1401434,Civitanova Marche,0036 EURO 95 (SUPER),24.03.2025,38.23,L,52.93,0.0
1401434,Civitanova Marche,0036 EURO 95 (SUPER),24.03.2025,2.97,L,4.11,0.0
1401434,Civitanova Marche,0036 EURO 95 (SUPER),24.03.2025,71.52,L,99.02,0.0
1401434,Civitanova Marche,0036 EURO 95 (SUPER),24.03.2025,7.64,L,10.57,0.0
1401434,Civitanova Marche,0036 EURO 95 (SUPER),24.03.2025,31.68,L,43.86,0.0
1401434,Civitanova Marche,0036 EURO 95 (SUPER),24.03.2025,11.84,L,16.39,0.0
1401434,Civitanova Marche,0036 EURO 95 (SUPER),24.03.2025,10.07,L,13.94,0.0
1401434,Civitanova Marche,0036 EURO 95 (SUPER),24.03.2025,6.53,L,9.04,0.0
1401434,Civitanova Marche,0036 EURO 95 (SUPER),25.03.2025,13.03,L,18.04,0.0
1401434,Civitanova Marche,0036 EURO 95 (SUPER),25.03.2025,45.51,L,63.01,0.0
1401434,Civitanova Marche,0036 EURO 95 (SUPER),25.03.2025,10.66,L,14.75,0.0
1401434,Civitanova Marche,0036 EURO 95 (SUPER),25.03.2025,8.88,L,12.3,0.0
1401434,Civitanova Marche,0036 EURO 95 (SUPER),25.03.2025,41.14,L,56.96,0.0
1401434,Civitanova Marche,0036 EURO 95 (SUPER),25.03.2025,11.84,L,16.4,0.0
1401434,Civitanova Marche,0036 EURO 95 (SUPER),25.03.2025,5.92,L,8.2,0.0
1401434,Civitanova Marche,0036 EURO 95 (SUPER),25.03.2025,6.52,L,9.02,0.0
1401434,Civitanova Marche,0036 EURO 95 (SUPER),25.03.2025,31.38,L,43.44,0.0
1401434,Civitanova Marche,0036 EURO 95 (SUPER),26.03.2025,11.84,L,16.39,0.0
1401434,Civitanova Marche,0036 EURO 95 (SUPER),26.03.2025,27.09,L,37.51,0.0
1401434,Civitanova Marche,0036 EURO 95 (SUPER),26.03.2025,5.67,L,7.85,0.0
1401434,Civitanova Marche,0036 EURO 95 (SUPER),26.03.2025,15.22,L,21.07,0.0
1401434,Civitanova Marche,0036 EURO 95 (SUPER),26.03.2025,23.68,L,32.8,0.0
1401434,Civitanova Marche,0036 EURO 95 (SUPER),26.03.2025,66.91,L,92.63,0.0
1401434,Civitanova Marche,0036 EURO 95 (SUPER),26.03.2025,50.94,L,70.52,0.0
1401434,Civitanova Marche,0036 EURO 95 (SUPER),27.03.2025,30.2,L,41.81,0.0
1401434,Civitanova Marche,0036 EURO 95 (SUPER),27.03.2025,17.92,L,24.81,0.0
1401434,Civitanova Marche,0036 EURO 95 (SUPER),27.03.2025,29.72,L,41.15,0.0
1401434,Civitanova Marche,0036 EURO 95 (SUPER),27.03.2025,4.15,L,5.75,0.0
1401434,Civitanova Marche,0036 EURO 95 (SUPER),27.03.2025,41.25,L,57.11,0.0
1401434,Civitanova Marche,0036 EURO 95 (SUPER),27.03.2025,17.76,L,24.6,0.0
1401434,Civitanova Marche,0036 EURO 95 (SUPER),27.03.2025,50.41,L,69.79,0.0
1401434,Civitanova Marche,0036 EURO 95 (SUPER),27.03.2025,40.13,L,63.12,0.0
1401434,Civitanova Marche,0036 EURO 95 (SUPER),27.03.2025,49.5,L,77.86,0.0
1401434,Civitanova Marche,0036 EURO 95 (SUPER),28.03.2025,37.3,L,51.64,0.0
1401434,Civitanova Marche,0036 EURO 95 (SUPER),28.03.2025,15.88,L,21.98,0.0
1401434,Civitanova Marche,0036 EURO 95 (SUPER),28.03.2025,10.07,L,13.94,0.0
1401434,Civitanova Marche,0036 EURO 95 (SUPER),28.03.2025,30.56,L,42.31,0.0
1401434,Civitanova Marche,0036 EURO 95 (SUPER),28.03.2025,6.52,L,9.02,0.0
1401434,Civitanova Marche,0036 EURO 95 (SUPER),28.03.2025,6.01,L,8.32,0.0
1401434,Civitanova Marche,0036 EURO 95 (SUPER),28.03.2025,36.03,L,49.88,0.0
1401434,Civitanova Marche,0036 EURO 95 (SUPER),28.03.2025,5.92,L,8.2,0.0
1401434,Civitanova Marche,0036 EURO 95 (SUPER),28.03.2025,5.92,L,8.2,0.0
1401434,Civitanova Marche,0036 EURO 95 (SUPER),28.03.2025,23.68,L,32.79,0.0
1401434,Civitanova Marche,0036 EURO 95 (SUPER),28.03.2025,23.09,L,31.97,0.0
1401434,Civitanova Marche,0036 EURO 95 (SUPER),29.03.2025,27.0,L,37.38,0.0
1401434,Civitanova Marche,0036 EURO 95 (SUPER),29.03.2025,23.8,L,32.95,0.0
1401434,Civitanova Marche,0036 EURO 95 (SUPER),30.03.2025,21.91,L,30.34,0.0
1401434,Civitanova Marche,0036 EURO 95 (SUPER),30.03.2025,5.92,L,8.2,0.0
1401434,Civitanova Marche,0036 EURO 95 (SUPER),30.03.2025,17.76,L,24.59,0.0
1401434,Civitanova Marche,0036 EURO 95 (SUPER),30.03.2025,13.03,L,18.04,0.0
1401434,Civitanova Marche,0036 EURO 95 (SUPER),31.03.2025,13.62,L,18.85,0.0
1401434,Civitanova Marche,0036 EURO 95 (SUPER),31.03.2025,28.42,L,39.34,0.0
1401434,Civitanova Marche,0036 EURO 95 (SUPER),31.03.2025,11.25,L,15.57,0.0
1401434,Civitanova Marche,0036 EURO 95 (SUPER),31.03.2025,5.92,L,8.2,0.0
1401434,Civitanova Marche,0036 EURO 95 (SUPER),31.03.2025,12.65,L,17.52,0.0
1401434,Civitanova Marche,0036 EURO 95 (SUPER),31.03.2025,11.84,L,16.39,0.0
1401890,Gatteo,0006 GPL (LPG),24.03.2025,35.47,L,20.9,0.35
1401890,Gatteo,0006 GPL (LPG),25.03.2025,58.15,L,34.27,0.58
1401890,Gatteo,0006 GPL (LPG),26.03.2025,32.69,L,19.26,0.33
1401890,Gatteo,0009 GASOLIO,16.03.2025,250.92,L,337.1,2.51
1401890,Gatteo,0009 GASOLIO,16.03.2025,54.92,L,73.78,0.55
1401890,Gatteo,0009 GASOLIO,16.03.2025,49.47,L,66.46,0.49
1401890,Gatteo,0009 GASOLIO,16.03.2025,56.91,L,76.46,0.57
1401890,Gatteo,0009 GASOLIO,17.03.2025,549.12,L,737.71,5.49
1401890,Gatteo,0009 GASOLIO,17.03.2025,51.25,L,68.85,0.51
1401890,Gatteo,0009 GASOLIO,18.03.2025,40.58,L,54.52,0.41
1401890,Gatteo,0009 GASOLIO,18.03.2025,44.91,L,60.34,0.45
1401890,Gatteo,0009 GASOLIO,18.03.2025,56.08,L,75.34,0.56
1401890,Gatteo,0009 GASOLIO,18.03.2025,341.33,L,458.56,3.41
1401890,Gatteo,0009 GASOLIO,18.03.2025,34.87,L,46.84,0.35
1401890,Gatteo,0009 GASOLIO,19.03.2025,671.36,L,901.93,6.71
1401890,Gatteo,0009 GASOLIO,19.03.2025,47.0,L,63.14,0.47
1401890,Gatteo,0009 GASOLIO,20.03.2025,162.47,L,216.93,1.62
1401890,Gatteo,0009 GASOLIO,20.03.2025,552.49,L,737.71,5.52
1401890,Gatteo,0009 GASOLIO,20.03.2025,213.76,L,285.43,2.14
1401890,Gatteo,0009 GASOLIO,20.03.2025,174.35,L,232.81,1.74
1401890,Gatteo,0009 GASOLIO,20.03.2025,154.75,L,206.63,1.55
1401890,Gatteo,0009 GASOLIO,20.03.2025,21.04,L,28.26,0.21
1401890,Gatteo,0009 GASOLIO,20.03.2025,39.72,L,53.36,0.4
1401890,Gatteo,0009 GASOLIO,20.03.2025,200.02,L,268.71,2.0
1401890,Gatteo,0009 GASOLIO,21.03.2025,66.12,L,88.29,0.66
1401890,Gatteo,0009 GASOLIO,21.03.2025,24.24,L,32.37,0.24
1401890,Gatteo,0009 GASOLIO,21.03.2025,62.64,L,83.64,0.63
1401890,Gatteo,0009 GASOLIO,21.03.2025,41.19,L,55.0,0.41
1401890,Gatteo,0009 GASOLIO,21.03.2025,59.26,L,79.12,0.59
1401890,Gatteo,0009 GASOLIO,22.03.2025,41.88,L,55.92,0.42
1401890,Gatteo,0009 GASOLIO,22.03.2025,56.9,L,75.98,0.57
1401890,Gatteo,0009 GASOLIO,23.03.2025,37.93,L,50.65,0.38
1401890,Gatteo,0009 GASOLIO,24.03.2025,448.65,L,599.06,4.49
1401890,Gatteo,0009 GASOLIO,24.03.2025,44.03,L,58.79,0.44
1401890,Gatteo,0009 GASOLIO,24.03.2025,599.39,L,800.32,5.99
1401890,Gatteo,0009 GASOLIO,24.03.2025,66.92,L,89.35,0.67
1401890,Gatteo,0009 GASOLIO,25.03.2025,182.53,L,243.72,1.83
1401890,Gatteo,0009 GASOLIO,25.03.2025,552.49,L,737.71,5.52
1401890,Gatteo,0009 GASOLIO,25.03.2025,40.08,L,53.52,0.4
1401890,Gatteo,0009 GASOLIO,25.03.2025,10.0,L,13.35,0.1
1401890,Gatteo,0009 GASOLIO,25.03.2025,52.76,L,70.45,0.53
1401890,Gatteo,0009 GASOLIO,25.03.2025,50.56,L,77.04,0.51
1401890,Gatteo,0009 GASOLIO,26.03.2025,47.32,L,63.18,0.47
1401890,Gatteo,0009 GASOLIO,26.03.2025,49.73,L,66.4,0.5
1401890,Gatteo,0009 GASOLIO,26.03.2025,552.49,L,737.71,5.52
1401890,Gatteo,0009 GASOLIO,27.03.2025,315.83,L,419.12,3.16
1401890,Gatteo,0009 GASOLIO,27.03.2025,27.91,L,37.27,0.28
1401890,Gatteo,0009 GASOLIO,28.03.2025,463.29,L,614.81,4.63
1401890,Gatteo,0009 GASOLIO,28.03.2025,48.16,L,63.91,0.48
1401890,Gatteo,0009 GASOLIO,28.03.2025,53.57,L,71.09,0.54
1401890,Gatteo,0009 GASOLIO,28.03.2025,49.54,L,65.75,0.5
1401890,Gatteo,0009 GASOLIO,28.03.2025,433.09,L,574.73,4.33
1401890,Gatteo,0009 GASOLIO,29.03.2025,153.73,L,205.27,1.54
1401890,Gatteo,0009 GASOLIO,30.03.2025,35.0,L,46.74,0.35
1401890,Gatteo,0009 GASOLIO,30.03.2025,51.11,L,68.25,0.51
1401890,Gatteo,0009 GASOLIO,30.03.2025,791.97,L,1057.47,7.91
1401890,Gatteo,0009 GASOLIO,31.03.2025,58.66,L,78.33,0.59
1401890,Gatteo,0009 GASOLIO,31.03.2025,552.49,L,737.71,5.52
1401890,Gatteo,0009 GASOLIO,31.03.2025,133.37,L,178.08,1.33
1401890,Gatteo,0013 Gas naturale (GNC),17.03.2025,19.68,KG,24.18,0.98
1401890,Gatteo,0013 Gas naturale (GNC),17.03.2025,19.55,KG,24.82,0.98
1401890,Gatteo,0013 Gas naturale (GNC),19.03.2025,9.93,KG,12.61,0.5
1401890,Gatteo,0013 Gas naturale (GNC),21.03.2025,18.46,KG,22.98,0.92
1401890,Gatteo,0013 Gas naturale (GNC),22.03.2025,15.35,KG,18.48,0.77
1401890,Gatteo,0013 Gas naturale (GNC),22.03.2025,11.64,KG,14.49,0.58
1401890,Gatteo,0013 Gas naturale (GNC),26.03.2025,14.14,KG,17.02,0.71
1401890,Gatteo,0013 Gas naturale (GNC),26.03.2025,11.21,KG,13.5,0.56
1401890,Gatteo,0013 Gas naturale (GNC),27.03.2025,9.43,KG,11.74,0.47
1401890,Gatteo,0013 Gas naturale (GNC),29.03.2025,19.95,KG,24.84,1.0
1401890,Gatteo,0013 Gas naturale (GNC),31.03.2025,15.41,KG,18.56,0.77
1401890,Gatteo,0016 ADBLUE (merce sciolta),18.03.2025,12.95,L,10.61,0.0
1401890,Gatteo,0016 ADBLUE (merce sciolta),18.03.2025,12.87,L,10.54,0.0
1401890,Gatteo,0016 ADBLUE (merce sciolta),19.03.2025,32.04,L,26.24,0.0
1401890,Gatteo,0016 ADBLUE (merce sciolta),20.03.2025,12.01,L,9.84,0.0
1401890,Gatteo,0016 ADBLUE (merce sciolta),25.03.2025,44.04,L,36.07,0.0
1401890,Gatteo,0016 ADBLUE (merce sciolta),25.03.2025,16.62,L,13.61,0.0
1401890,Gatteo,0036 EURO 95 (SUPER),16.03.2025,40.0,L,55.38,0.0
1401890,Gatteo,0036 EURO 95 (SUPER),17.03.2025,15.77,L,24.8,0.0
1401890,Gatteo,0036 EURO 95 (SUPER),19.03.2025,35.35,L,48.65,0.0
1401890,Gatteo,0036 EURO 95 (SUPER),19.03.2025,15.72,L,24.6,0.0
1401890,Gatteo,0036 EURO 95 (SUPER),26.03.2025,35.9,L,49.11,0.0
1401890,Gatteo,0036 EURO 95 (SUPER),29.03.2025,43.49,L,68.05,0.0
1406499,Rimini,0009 GASOLIO,17.03.2025,33.79,L,45.67,0.34
1406499,Rimini,0009 GASOLIO,21.03.2025,69.68,L,93.04,0.7
1406499,Rimini,0009 GASOLIO,23.03.2025,32.77,L,43.75,0.33
1406499,Rimini,0009 GASOLIO,24.03.2025,30.69,L,40.98,0.31
1406499,Rimini,0009 GASOLIO,26.03.2025,42.36,L,56.56,0.42
1406499,Rimini,0009 GASOLIO,27.03.2025,60.36,L,80.6,0.6
1406499,Rimini,0036 EURO 95 (SUPER),24.03.2025,28.88,L,40.22,0.0
1406499,Rimini,0036 EURO 95 (SUPER),26.03.2025,43.3,L,60.3,0.0
1499741,Anzola dell'Emilia,0006 GPL (LPG),18.03.2025,26.91,L,15.86,0.27
1499741,Anzola dell'Emilia,0006 GPL (LPG),18.03.2025,18.12,L,10.68,0.18
1499741,Anzola dell'Emilia,0006 GPL (LPG),21.03.2025,14.02,L,8.26,0.14
1499741,Anzola dell'Emilia,0006 GPL (LPG),27.03.2025,24.66,L,14.53,0.25
1499741,Anzola dell'Emilia,0009 GASOLIO,16.03.2025,32.55,L,44.26,0.33
1499741,Anzola dell'Emilia,0009 GASOLIO,16.03.2025,28.94,L,39.35,0.29
1499741,Anzola dell'Emilia,0009 GASOLIO,17.03.2025,300.0,L,407.95,3.0
1499741,Anzola dell'Emilia,0009 GASOLIO,17.03.2025,33.0,L,44.88,0.33
1499741,Anzola dell'Emilia,0009 GASOLIO,17.03.2025,180.23,L,245.08,1.8
1499741,Anzola dell'Emilia,0009 GASOLIO,17.03.2025,7.23,L,9.83,0.07
1499741,Anzola dell'Emilia,0009 GASOLIO,17.03.2025,542.5,L,737.71,5.43
1499741,Anzola dell'Emilia,0009 GASOLIO,17.03.2025,34.69,L,47.17,0.35
1499741,Anzola dell'Emilia,0009 GASOLIO,17.03.2025,224.23,L,304.92,2.24
1499741,Anzola dell'Emilia,0009 GASOLIO,17.03.2025,30.27,L,41.16,0.3
1499741,Anzola dell'Emilia,0009 GASOLIO,17.03.2025,542.5,L,737.71,5.43
1499741,Anzola dell'Emilia,0009 GASOLIO,18.03.2025,43.29,L,58.87,0.43
1499741,Anzola dell'Emilia,0009 GASOLIO,18.03.2025,49.86,L,67.8,0.5
1499741,Anzola dell'Emilia,0009 GASOLIO,18.03.2025,43.55,L,59.22,0.44
1499741,Anzola dell'Emilia,0009 GASOLIO,19.03.2025,100.2,L,136.25,1.0
1499741,Anzola dell'Emilia,0009 GASOLIO,19.03.2025,450.0,L,611.93,4.5
1499741,Anzola dell'Emilia,0009 GASOLIO,19.03.2025,62.12,L,84.48,0.62
1499741,Anzola dell'Emilia,0009 GASOLIO,19.03.2025,59.98,L,81.57,0.6
1499741,Anzola dell'Emilia,0009 GASOLIO,19.03.2025,331.55,L,450.85,3.32
1499741,Anzola dell'Emilia,0009 GASOLIO,20.03.2025,34.91,L,47.19,0.35
1499741,Anzola dell'Emilia,0009 GASOLIO,20.03.2025,30.39,L,41.07,0.3
1499741,Anzola dell'Emilia,0009 GASOLIO,20.03.2025,424.5,L,573.77,4.25
1499741,Anzola dell'Emilia,0009 GASOLIO,20.03.2025,291.69,L,394.26,2.92
1499741,Anzola dell'Emilia,0009 GASOLIO,20.03.2025,38.32,L,59.02,0.38
1499741,Anzola dell'Emilia,0009 GASOLIO,21.03.2025,106.78,L,144.33,1.07
1499741,Anzola dell'Emilia,0009 GASOLIO,21.03.2025,164.34,L,222.13,1.64
1499741,Anzola dell'Emilia,0009 GASOLIO,21.03.2025,52.28,L,70.66,0.52
1499741,Anzola dell'Emilia,0009 GASOLIO,21.03.2025,34.06,L,52.46,0.34
1499741,Anzola dell'Emilia,0009 GASOLIO,21.03.2025,53.22,L,81.97,0.53
1499741,Anzola dell'Emilia,0009 GASOLIO,22.03.2025,44.87,L,60.65,0.45
1499741,Anzola dell'Emilia,0009 GASOLIO,22.03.2025,58.0,L,78.39,0.58
1499741,Anzola dell'Emilia,0009 GASOLIO,22.03.2025,33.36,L,45.09,0.33
1499741,Anzola dell'Emilia,0009 GASOLIO,22.03.2025,70.95,L,95.9,0.71
1499741,Anzola dell'Emilia,0009 GASOLIO,23.03.2025,36.99,L,50.0,0.37
1499741,Anzola dell'Emilia,0009 GASOLIO,23.03.2025,48.02,L,64.9,0.48
1499741,Anzola dell'Emilia,0009 GASOLIO,23.03.2025,87.46,L,118.21,0.87
1499741,Anzola dell'Emilia,0009 GASOLIO,24.03.2025,47.3,L,63.93,0.47
1499741,Anzola dell'Emilia,0009 GASOLIO,24.03.2025,509.43,L,688.57,5.09
1499741,Anzola dell'Emilia,0009 GASOLIO,24.03.2025,46.52,L,62.88,0.47
1499741,Anzola dell'Emilia,0009 GASOLIO,24.03.2025,19.16,L,29.51,0.19
1499741,Anzola dell'Emilia,0009 GASOLIO,25.03.2025,18.42,L,24.6,0.18
1499741,Anzola dell'Emilia,0009 GASOLIO,25.03.2025,15.35,L,20.5,0.15
1499741,Anzola dell'Emilia,0009 GASOLIO,25.03.2025,12.28,L,16.39,0.12
1499741,Anzola dell'Emilia,0009 GASOLIO,25.03.2025,52.23,L,69.74,0.52
1499741,Anzola dell'Emilia,0009 GASOLIO,25.03.2025,183.55,L,245.08,1.84
1499741,Anzola dell'Emilia,0009 GASOLIO,25.03.2025,500.0,L,671.72,5.0
1499741,Anzola dell'Emilia,0009 GASOLIO,25.03.2025,48.19,L,64.74,0.48
1499741,Anzola dell'Emilia,0009 GASOLIO,25.03.2025,248.32,L,333.61,2.48
1499741,Anzola dell'Emilia,0009 GASOLIO,25.03.2025,46.69,L,62.72,0.47
1499741,Anzola dell'Emilia,0009 GASOLIO,26.03.2025,251.85,L,338.34,2.52
1499741,Anzola dell'Emilia,0009 GASOLIO,26.03.2025,32.95,L,44.27,0.33
1499741,Anzola dell'Emilia,0009 GASOLIO,26.03.2025,89.42,L,120.13,0.89
1499741,Anzola dell'Emilia,0009 GASOLIO,26.03.2025,65.9,L,88.53,0.66
1499741,Anzola dell'Emilia,0009 GASOLIO,26.03.2025,26.52,L,35.63,0.27
1499741,Anzola dell'Emilia,0009 GASOLIO,26.03.2025,41.55,L,55.82,0.42
1499741,Anzola dell'Emilia,0009 GASOLIO,26.03.2025,37.99,L,58.2,0.38
1499741,Anzola dell'Emilia,0009 GASOLIO,27.03.2025,64.68,L,86.89,0.65
1499741,Anzola dell'Emilia,0009 GASOLIO,27.03.2025,46.72,L,62.76,0.47
1499741,Anzola dell'Emilia,0009 GASOLIO,27.03.2025,32.85,L,44.13,0.33
1499741,Anzola dell'Emilia,0009 GASOLIO,27.03.2025,66.44,L,89.26,0.66
1499741,Anzola dell'Emilia,0009 GASOLIO,27.03.2025,32.44,L,43.58,0.32
1499741,Anzola dell'Emilia,0009 GASOLIO,27.03.2025,400.09,L,537.5,4.0
1499741,Anzola dell'Emilia,0009 GASOLIO,27.03.2025,0.03,L,0.04,0.0
1499741,Anzola dell'Emilia,0009 GASOLIO,28.03.2025,44.53,L,59.82,0.45
1499741,Anzola dell'Emilia,0009 GASOLIO,28.03.2025,39.11,L,52.54,0.39
1499741,Anzola dell'Emilia,0009 GASOLIO,28.03.2025,549.12,L,737.71,5.49
1499741,Anzola dell'Emilia,0009 GASOLIO,28.03.2025,33.81,L,45.42,0.34
1499741,Anzola dell'Emilia,0009 GASOLIO,28.03.2025,236.73,L,318.03,2.37
1499741,Anzola dell'Emilia,0009 GASOLIO,28.03.2025,70.78,L,95.09,0.71
1499741,Anzola dell'Emilia,0009 GASOLIO,28.03.2025,44.48,L,59.75,0.44
1499741,Anzola dell'Emilia,0009 GASOLIO,29.03.2025,38.44,L,51.64,0.38
1499741,Anzola dell'Emilia,0009 GASOLIO,29.03.2025,109.83,L,147.55,1.1
1499741,Anzola dell'Emilia,0009 GASOLIO,29.03.2025,65.0,L,87.33,0.65
1499741,Anzola dell'Emilia,0009 GASOLIO,30.03.2025,28.08,L,37.72,0.28
1499741,Anzola dell'Emilia,0009 GASOLIO,31.03.2025,42.1,L,56.56,0.42
1499741,Anzola dell'Emilia,0009 GASOLIO,31.03.2025,300.32,L,403.46,3.0
1499741,Anzola dell'Emilia,0009 GASOLIO,31.03.2025,59.19,L,79.52,0.59
1499741,Anzola dell'Emilia,0016 ADBLUE (merce sciolta),19.03.2025,11.42,L,9.35,0.0
1499741,Anzola dell'Emilia,0016 ADBLUE (merce sciolta),24.03.2025,4.7,L,3.85,0.0
1499741,Anzola dell'Emilia,0016 ADBLUE (merce sciolta),26.03.2025,8.01,L,6.56,0.0
1499741,Anzola dell'Emilia,0016 ADBLUE (merce sciolta),27.03.2025,7.57,L,6.2,0.0
1499741,Anzola dell'Emilia,0016 ADBLUE (merce sciolta),28.03.2025,9.11,L,7.46,0.0
1499741,Anzola dell'Emilia,0036 EURO 95 (SUPER),17.03.2025,28.25,L,39.34,0.0
1499741,Anzola dell'Emilia,0036 EURO 95 (SUPER),17.03.2025,48.02,L,66.88,0.0
1499741,Anzola dell'Emilia,0036 EURO 95 (SUPER),18.03.2025,15.31,L,21.32,0.0
1499741,Anzola dell'Emilia,0036 EURO 95 (SUPER),20.03.2025,49.44,L,68.85,0.0
1499741,Anzola dell'Emilia,0036 EURO 95 (SUPER),21.03.2025,5.7,L,9.02,0.0
1499741,Anzola dell'Emilia,0036 EURO 95 (SUPER),22.03.2025,20.01,L,27.87,0.0
1499741,Anzola dell'Emilia,0036 EURO 95 (SUPER),23.03.2025,41.05,L,57.16,0.0
1499741,Anzola dell'Emilia,0036 EURO 95 (SUPER),24.03.2025,44.02,L,61.3,0.0
1499741,Anzola dell'Emilia,0036 EURO 95 (SUPER),24.03.2025,31.04,L,43.23,0.0
1499741,Anzola dell'Emilia,0036 EURO 95 (SUPER),25.03.2025,29.45,L,41.02,0.0
1499741,Anzola dell'Emilia,0036 EURO 95 (SUPER),25.03.2025,41.6,L,57.93,0.0
1499741,Anzola dell'Emilia,0036 EURO 95 (SUPER),25.03.2025,29.91,L,41.66,0.0
1499741,Anzola dell'Emilia,0036 EURO 95 (SUPER),25.03.2025,32.66,L,51.64,0.0
1499741,Anzola dell'Emilia,0036 EURO 95 (SUPER),26.03.2025,47.04,L,65.51,0.0
1499741,Anzola dell'Emilia,0036 EURO 95 (SUPER),27.03.2025,19.3,L,26.88,0.0
1499741,Anzola dell'Emilia,0036 EURO 95 (SUPER),27.03.2025,48.22,L,67.16,0.0
1499741,Anzola dell'Emilia,0036 EURO 95 (SUPER),28.03.2025,46.5,L,64.75,0.0
1499741,Anzola dell'Emilia,0036 EURO 95 (SUPER),31.03.2025,11.03,L,15.36,0.0
